{
  "aasha pala mata ka mandir": {
    "name": "aasha pala mata ka mandir"
  }, 
  "akash cinema hall": {
    "name": "akash cinema hall"
  }, 
  "alnea": {
    "name": "alnea"
  }, 
  "arya samaj mandir": {
    "name": "arya samaj mandir"
  }, 
  "ayappa temple": {
    "name": "ayappa temple"
  }, 
  "ayyappa temple": {
    "name": "ayyappa temple"
  }, 
  "balaji temple": {
    "name": "balaji temple"
  }, 
  "bhitaria kund": {
    "name": "bhitaria kund"
  }, 
  "brij talkies": {
    "name": "brij talkies"
  }, 
  "chambal gardens": {
    "days-of-week": "All days of the week", 
    "name": "chambal gardens", 
    "prices": {
      "Free Entry": "0", 
      "per person Boating": "50"
    }, 
    "timings": "10:00 AM - 7:00 PM"
  }, 
  "chandmari balaji mandir": {
    "name": "chandmari balaji mandir"
  }, 
  "chatra vilas garden": {
    "name": "chatra vilas garden"
  }, 
  "chattarbilas tank": {
    "name": "chattarbilas tank"
  }, 
  "chouth mata mandir": {
    "name": "chouth mata mandir"
  }, 
  "city palace": {
    "name": "city palace"
  }, 
  "dadabadi digamber jain nasiaji": {
    "name": "dadabadi digamber jain nasiaji"
  }, 
  "dev narayan temple": {
    "name": "dev narayan temple"
  }, 
  "district park": {
    "name": "district park"
  }, 
  "durga mata mandir": {
    "name": "durga mata mandir"
  }, 
  "emmanuel church": {
    "name": "emmanuel church"
  }, 
  "gaipernath": {
    "name": "gaipernath"
  }, 
  "gandhi udyan": {
    "name": "gandhi udyan"
  }, 
  "ganesh mandir": {
    "name": "ganesh mandir"
  }, 
  "ganesh temple": {
    "name": "ganesh temple"
  }, 
  "garadia mahadev": {
    "days-of-week": "All days of the week", 
    "name": "garadia mahadev", 
    "prices": {
      "No entry fee": "0"
    }, 
    "timings": "7:00 AM - 8:00 PM"
  }, 
  "gayatri shakti peeth": {
    "name": "gayatri shakti peeth"
  }, 
  "godavari dham temple": {
    "days-of-week": "All days of the week", 
    "name": "godavari dham temple", 
    "timings": "7:00 AM - 8:00 PM"
  }, 
  "godawari dham mandir": {
    "name": "godawari dham mandir"
  }, 
  "goureshwar mahadev mandir": {
    "name": "goureshwar mahadev mandir"
  }, 
  "government museum": {
    "days-of-week": "All days of the week except Friday", 
    "name": "government museum", 
    "timings": "9:30 AM - 5:00 PM"
  }, 
  "gumanpura fort": {
    "name": "gumanpura fort"
  }, 
  "gyarah mukhi hanuman mandir": {
    "name": "gyarah mukhi hanuman mandir"
  }, 
  "hamara mandir": {
    "name": "hamara mandir"
  }, 
  "hanuman mandir": {
    "name": "hanuman mandir"
  }, 
  "hanuman temple": {
    "name": "hanuman temple"
  }, 
  "hemnath mahadev mandir": {
    "name": "hemnath mahadev mandir"
  }, 
  "ietihasik abheda rani mahal": {
    "name": "ietihasik abheda rani mahal"
  }, 
  "jag mandir": {
    "name": "jag mandir"
  }, 
  "jagdish ji ka mandir": {
    "name": "jagdish ji ka mandir"
  }, 
  "jagdish mandir": {
    "name": "jagdish mandir"
  }, 
  "jai ambey mandir": {
    "name": "jai ambey mandir"
  }, 
  "jai hanuman mandir": {
    "name": "jai hanuman mandir"
  }, 
  "jai shri ram mandir": {
    "name": "jai shri ram mandir"
  }, 
  "jhooley lal mandir": {
    "name": "jhooley lal mandir"
  }, 
  "jyoti bal vidya mandir": {
    "name": "jyoti bal vidya mandir"
  }, 
  "kankdeshwar mahadev chatar": {
    "name": "kankdeshwar mahadev chatar"
  }, 
  "karni mata mandir": {
    "name": "karni mata mandir"
  }, 
  "khade ganesh ji": {
    "name": "khade ganesh ji"
  }, 
  "kishore sagar": {
    "name": "kishore sagar"
  }, 
  "kishore sagar lake": {
    "name": "kishore sagar lake"
  }, 
  "kota barrage": {
    "name": "kota barrage"
  }, 
  "kota fort": {
    "name": "kota fort"
  }, 
  "lakshman jhoola": {
    "name": "lakshman jhoola"
  }, 
  "laxmi narayan mandir": {
    "name": "laxmi narayan mandir"
  }, 
  "maa annapurna mandir": {
    "name": "maa annapurna mandir"
  }, 
  "maa vaishno devi mandir": {
    "name": "maa vaishno devi mandir"
  }, 
  "maharao madho singh museum": {
    "days-of-week": "All days of the week except Friday", 
    "name": "maharao madho singh museum", 
    "prices": {
      "per person Lower Section": "10", 
      "per person Upper Section": "50"
    }, 
    "timings": "10:00 AM - 5:00 PM"
  }, 
  "mali saini samaj temple": {
    "name": "mali saini samaj temple"
  }, 
  "mata ka mandir": {
    "name": "mata ka mandir"
  }, 
  "mataji temple": {
    "name": "mataji temple"
  }, 
  "mayur cinema": {
    "name": "mayur cinema"
  }, 
  "mohan talkies": {
    "name": "mohan talkies"
  }, 
  "murugan temple": {
    "name": "murugan temple"
  }, 
  "naag nagin ka mandir": {
    "name": "naag nagin ka mandir"
  }, 
  "nageshwar mahadev mandir": {
    "name": "nageshwar mahadev mandir"
  }, 
  "nataraj talkies": {
    "name": "nataraj talkies"
  }, 
  "om cineplex": {
    "name": "om cineplex"
  }, 
  "open air picture hall": {
    "name": "open air picture hall"
  }, 
  "parswa kushal dham": {
    "name": "parswa kushal dham"
  }, 
  "puneet dham mandir": {
    "name": "puneet dham mandir"
  }, 
  "purana cinema hall": {
    "name": "purana cinema hall"
  }, 
  "radha krishna mandir": {
    "name": "radha krishna mandir"
  }, 
  "radhakrishna temple": {
    "name": "radhakrishna temple"
  }, 
  "ram janki temple": {
    "name": "ram janki temple"
  }, 
  "ram mandir": {
    "name": "ram mandir"
  }, 
  "ram temple": {
    "name": "ram temple"
  }, 
  "rameshwaram mahadev mandir": {
    "name": "rameshwaram mahadev mandir"
  }, 
  "rangbari mandir": {
    "name": "rangbari mandir"
  }, 
  "rhinmukteshwar temple": {
    "name": "rhinmukteshwar temple"
  }, 
  "sai baba temple": {
    "name": "sai baba temple"
  }, 
  "sai baba temple ": {
    "name": "sai baba temple "
  }, 
  "sanidev temple": {
    "name": "sanidev temple"
  }, 
  "sankat mochan hanuman mandir": {
    "name": "sankat mochan hanuman mandir"
  }, 
  "santoshi mata ka mandir": {
    "name": "santoshi mata ka mandir"
  }, 
  "santoshi mata temple": {
    "name": "santoshi mata temple"
  }, 
  "saraswati and lakshmi temple": {
    "name": "saraswati and lakshmi temple"
  }, 
  "sarovar takies": {
    "name": "sarovar takies"
  }, 
  "shakti mandir": {
    "name": "shakti mandir"
  }, 
  "sheetala mata mandir": {
    "name": "sheetala mata mandir"
  }, 
  "shiv and hanuman mandir": {
    "name": "shiv and hanuman mandir"
  }, 
  "shiv mandir": {
    "name": "shiv mandir"
  }, 
  "shivji temple": {
    "name": "shivji temple"
  }, 
  "shivpuri dham": {
    "name": "shivpuri dham", 
    "prices": {}
  }, 
  "shree bajrang bali mandir": {
    "name": "shree bajrang bali mandir"
  }, 
  "shri babri ka hanuman ji mandir": {
    "name": "shri babri ka hanuman ji mandir"
  }, 
  "shri jind baba mandir": {
    "name": "shri jind baba mandir"
  }, 
  "shri kankali mata mandir": {
    "name": "shri kankali mata mandir"
  }, 
  "shri maha mangleshwar mahadev mandir": {
    "name": "shri maha mangleshwar mahadev mandir"
  }, 
  "shri manshapuran ganesh mandir": {
    "name": "shri manshapuran ganesh mandir"
  }, 
  "shri pashupati nath mahadeveshwar mandir": {
    "name": "shri pashupati nath mahadeveshwar mandir"
  }, 
  "shri raghunath mandir": {
    "name": "shri raghunath mandir"
  }, 
  "shri satyeshwar mahadev mandir": {
    "name": "shri satyeshwar mahadev mandir"
  }, 
  "shri siddheshwer hanuman mandir": {
    "name": "shri siddheshwer hanuman mandir"
  }, 
  "sree jaleshwar mahadev mandir": {
    "name": "sree jaleshwar mahadev mandir"
  }, 
  "sri durga mata mandir": {
    "name": "sri durga mata mandir"
  }, 
  "sri hanuman temple": {
    "name": "sri hanuman temple"
  }, 
  "sri kaleshwar mahadev mandir": {
    "name": "sri kaleshwar mahadev mandir"
  }, 
  "sri kali mata mandir": {
    "name": "sri kali mata mandir"
  }, 
  "sri sateshwar balaji mandir": {
    "name": "sri sateshwar balaji mandir"
  }, 
  "teja ji ka chowk temple": {
    "name": "teja ji ka chowk temple"
  }, 
  "teja ji mandir": {
    "days-of-week": "All days of the week except Sunday", 
    "name": "teja ji mandir", 
    "timings": "9:00 AM - 5:00 PM"
  }, 
  "tileshwar mandir": {
    "name": "tileshwar mandir"
  }, 
  "umed singh fort": {
    "name": "umed singh fort"
  }, 
  "umed singh ka jungle": {
    "name": "umed singh ka jungle"
  }, 
  "vaishno mataji temple": {
    "name": "vaishno mataji temple"
  }, 
  "veeru ji ka mandir": {
    "name": "veeru ji ka mandir"
  }, 
  "vigyan sangrahalay": {
    "name": "vigyan sangrahalay"
  }
}