{
  "anand cinema": {
    "name": "anand cinema"
  }, 
  "ashish cinema": {
    "name": "ashish cinema"
  }, 
  "baba ramdev mandir": {
    "name": "baba ramdev mandir"
  }, 
  "bhatner fort": {
    "name": "bhatner fort"
  }, 
  "dinar cinema": {
    "name": "dinar cinema"
  }, 
  "durga mandir": {
    "name": "durga mandir"
  }, 
  "hanuman mandir": {
    "name": "hanuman mandir"
  }, 
  "kalibanga museum": {
    "name": "kalibanga museum"
  }, 
  "kalloor fort ": {
    "name": "kalloor fort "
  }, 
  "maa durga mandir": {
    "name": "maa durga mandir"
  }, 
  "mata ka mandir": {
    "name": "mata ka mandir"
  }, 
  "prachin hanuman mandir": {
    "name": "prachin hanuman mandir"
  }, 
  "prachin shiv mandir": {
    "name": "prachin shiv mandir"
  }, 
  "punchmukhi balaji mandir": {
    "name": "punchmukhi balaji mandir"
  }, 
  "rose garden": {
    "name": "rose garden"
  }, 
  "shiv mandir": {
    "name": "shiv mandir"
  }, 
  "shree laxminarayan mandir": {
    "name": "shree laxminarayan mandir"
  }, 
  "shyam mandir": {
    "name": "shyam mandir"
  }, 
  "sila peer mata mandir": {
    "name": "sila peer mata mandir"
  }, 
  "vijay cinema": {
    "name": "vijay cinema"
  }, 
  "yog maya mandir": {
    "name": "yog maya mandir"
  }
}