{
  "alok cinema": {
    "name": "alok cinema"
  }, 
  "babosa mandir": {
    "name": "babosa mandir"
  }, 
  "bado mandir": {
    "name": "bado mandir"
  }, 
  "churu fort": {
    "name": "churu fort"
  }, 
  "devnarayan temple": {
    "name": "devnarayan temple"
  }, 
  "durga mandir": {
    "name": "durga mandir"
  }, 
  "fresco painted havelies": {
    "name": "fresco painted havelies"
  }, 
  "ganga mata temple": {
    "name": "ganga mata temple"
  }, 
  "gayatri mandir": {
    "days-of-week": "All days of the week except Saturday", 
    "name": "gayatri mandir", 
    "timings": "4:00 AM - 9:30 PM"
  }, 
  "ghanta ghar": {
    "name": "ghanta ghar"
  }, 
  "godia chhatri ": {
    "name": "godia chhatri "
  }, 
  "hanuman mandir": {
    "name": "hanuman mandir"
  }, 
  "hanuman temple": {
    "name": "hanuman temple"
  }, 
  "jeevan mata ka mandir": {
    "name": "jeevan mata ka mandir"
  }, 
  "jhujhar mandir": {
    "name": "jhujhar mandir"
  }, 
  "kaliji ka mandir": {
    "name": "kaliji ka mandir"
  }, 
  "kanhaiyalal bagla haveli ": {
    "name": "kanhaiyalal bagla haveli "
  }, 
  "madan mohan mandir": {
    "name": "madan mohan mandir"
  }, 
  "mansadevi mandir": {
    "days-of-week": "All days of the week", 
    "name": "mansadevi mandir", 
    "timings": "4:30 AM - 10:00 AM"
  }, 
  "mata mandir": {
    "name": "mata mandir"
  }, 
  "open theatre": {
    "name": "open theatre"
  }, 
  "panchmukhi hanuman mandir": {
    "name": "panchmukhi hanuman mandir"
  }, 
  "pitarji ghasiramji mandir": {
    "name": "pitarji ghasiramji mandir"
  }, 
  "pithano jodo": {
    "name": "pithano jodo"
  }, 
  "ram mandir": {
    "name": "ram mandir"
  }, 
  "ram temple": {
    "name": "ram temple"
  }, 
  "ramdevji temple": {
    "name": "ramdevji temple"
  }, 
  "shiv mandir": {
    "name": "shiv mandir"
  }, 
  "shree hanumagadhi balaji temple": {
    "name": "shree hanumagadhi balaji temple"
  }, 
  "shyam cinema": {
    "days-of-week": "All days of the week", 
    "name": "shyam cinema", 
    "timings": "12:30 PM - 9:30 PM"
  }, 
  "shyam hanuman mandir": {
    "name": "shyam hanuman mandir"
  }, 
  "shyam mandir": {
    "name": "shyam mandir"
  }, 
  "shyam temple": {
    "name": "shyam temple"
  }, 
  "surana ki haveli": {
    "name": "surana ki haveli"
  }, 
  "swami gopaldasji mandir": {
    "name": "swami gopaldasji mandir"
  }, 
  "vishwakarma mandir": {
    "name": "vishwakarma mandir"
  }
}