{
  "amba mata mandir": {
    "name": "amba mata mandir"
  }, 
  "bajrang bali mandir": {
    "name": "bajrang bali mandir"
  }, 
  "bajrang bali temple": {
    "name": "bajrang bali temple"
  }, 
  "bhandaria mandir": {
    "name": "bhandaria mandir"
  }, 
  "bharav chowk mandir": {
    "name": "bharav chowk mandir"
  }, 
  "dehra temple": {
    "name": "dehra temple"
  }, 
  "dialab lake": {
    "name": "dialab lake"
  }, 
  "dialab lake ": {
    "name": "dialab lake "
  }, 
  "dwarka nath temple": {
    "name": "dwarka nath temple"
  }, 
  "guru meharaj chetri nagars temple": {
    "name": "guru meharaj chetri nagars temple"
  }, 
  "hanuman mandir": {
    "name": "hanuman mandir"
  }, 
  "hanuman temple": {
    "name": "hanuman temple"
  }, 
  "hatkeshwar mandir": {
    "name": "hatkeshwar mandir"
  }, 
  "kagdi picnic place": {
    "name": "kagdi picnic place"
  }, 
  "kalaji temple": {
    "name": "kalaji temple"
  }, 
  "kalika math": {
    "name": "kalika math"
  }, 
  "khodiyar mata mandir": {
    "name": "khodiyar mata mandir"
  }, 
  "madareshwar temple": {
    "name": "madareshwar temple"
  }, 
  "mahadev mandir": {
    "name": "mahadev mandir"
  }, 
  "police line temple": {
    "name": "police line temple"
  }, 
  "ram temple": {
    "name": "ram temple"
  }, 
  "rseb colony mandir": {
    "name": "rseb colony mandir"
  }, 
  "sai mandir": {
    "name": "sai mandir"
  }, 
  "sai temple": {
    "name": "sai temple"
  }, 
  "samay mata mandir": {
    "name": "samay mata mandir"
  }, 
  "shani dev temple": {
    "name": "shani dev temple"
  }, 
  "shankarji math": {
    "name": "shankarji math"
  }, 
  "sharansthan church": {
    "name": "sharansthan church"
  }, 
  "shirdhi sai baba mandir": {
    "name": "shirdhi sai baba mandir"
  }, 
  "shree ayyapa temple": {
    "name": "shree ayyapa temple"
  }, 
  "shree shiv hanuman mandir": {
    "name": "shree shiv hanuman mandir"
  }, 
  "shree tripura sundari temple ": {
    "name": "shree tripura sundari temple "
  }, 
  "shri kalyanji gatrod mandir": {
    "name": "shri kalyanji gatrod mandir"
  }, 
  "shri raj arts gallery": {
    "name": "shri raj arts gallery"
  }, 
  "shri raj mandir": {
    "name": "shri raj mandir"
  }, 
  "shri sidhi vinayak temple": {
    "name": "shri sidhi vinayak temple"
  }, 
  "shyama prasad mukherji rang manch": {
    "name": "shyama prasad mukherji rang manch"
  }, 
  "sindhi temple": {
    "days-of-week": "Mon, Tue, Wed, Thu, Fri", 
    "name": "sindhi temple", 
    "timings": "8:00 AM - 2:30 PM"
  }, 
  "st paul church": {
    "name": "st paul church"
  }, 
  "teli samaj mandir": {
    "name": "teli samaj mandir"
  }, 
  "trinetra beravji mandir": {
    "name": "trinetra beravji mandir"
  }, 
  "vaneshwer temple": {
    "name": "vaneshwer temple"
  }, 
  "vindya vasini temple": {
    "name": "vindya vasini temple"
  }, 
  "vinod cinema": {
    "name": "vinod cinema"
  }, 
  "virangnaa theatre": {
    "name": "virangnaa theatre"
  }, 
  "vrindavan cinema": {
    "name": "vrindavan cinema"
  }
}