{
  "ahar cenotaphs": {
    "days-of-week": "All days of the week", 
    "name": "ahar cenotaphs", 
    "prices": {
      "no entry fee": "0"
    }, 
    "timings": "7:00 AM - 4:00 PM"
  }, 
  "alakh narayan mandir": {
    "name": "alakh narayan mandir"
  }, 
  "amba mata mandir": {
    "name": "amba mata mandir"
  }, 
  "ambamata temple": {
    "name": "ambamata temple"
  }, 
  "amreshwar maha dev mandir": {
    "name": "amreshwar maha dev mandir"
  }, 
  "arawali park": {
    "name": "arawali park"
  }, 
  "arya samaj mandir": {
    "name": "arya samaj mandir"
  }, 
  "ashapura mata ji mandir": {
    "name": "ashapura mata ji mandir"
  }, 
  "ashoka cinema": {
    "name": "ashoka cinema"
  }, 
  "avri mata ka mandir": {
    "name": "avri mata ka mandir"
  }, 
  "bada alkari baba temple": {
    "name": "bada alkari baba temple"
  }, 
  "bagore ki haveli": {
    "days-of-week": "All days of the week", 
    "name": "bagore ki haveli", 
    "prices": {
      " for camera": "100", 
      "per person": "25"
    }, 
    "timings": "10:00 AM - 5:30 PM"
  }, 
  "bal kalyag rai ji temple": {
    "name": "bal kalyag rai ji temple"
  }, 
  "bara ramdwara": {
    "name": "bara ramdwara"
  }, 
  "bateshwer mahadev mandir": {
    "name": "bateshwer mahadev mandir"
  }, 
  "bhairav mahadev mandir": {
    "name": "bhairav mahadev mandir"
  }, 
  "bhairo ji mandir": {
    "name": "bhairo ji mandir"
  }, 
  "bharatiya lok kala mandal": {
    "name": "bharatiya lok kala mandal"
  }, 
  "bhim vilas": {
    "name": "bhim vilas"
  }, 
  "bholenath mandir": {
    "name": "bholenath mandir"
  }, 
  "bohra ganesh ji temple": {
    "name": "bohra ganesh ji temple"
  }, 
  "chetak cinema": {
    "name": "chetak cinema"
  }, 
  "chini chitrashala": {
    "name": "chini chitrashala"
  }, 
  "city palace": {
    "days-of-week": "All days of the week", 
    "name": "city palace", 
    "prices": {
      "per person for Indians & International tourists both": "250", 
      "per person for Indians & International tourists both (from 9 to 10 am)": "500", 
      "per person for children": "100"
    }, 
    "timings": "9:00 AM - 5:00 PM"
  }, 
  "contemporary art gallery": {
    "days-of-week": "All days of the week except Monday", 
    "name": "contemporary art gallery", 
    "timings": "12:00 PM - 6:00 PM"
  }, 
  "crystal gallery": {
    "days-of-week": "All days of the week", 
    "name": "crystal gallery", 
    "prices": {
      "per person Entry Fee (Children Between 5-12)": "370", 
      "per person Entry Fee (adult)": "580"
    }, 
    "timings": null
  }, 
  "delhi darwaza": {
    "name": "delhi darwaza"
  }, 
  "doodh talai": {
    "name": "doodh talai"
  }, 
  "duddhtalaii and musical garden": {
    "name": "duddhtalaii and musical garden"
  }, 
  "dudhiya ganesh mandir": {
    "name": "dudhiya ganesh mandir"
  }, 
  "durga mata mandir": {
    "name": "durga mata mandir"
  }, 
  "durga temple": {
    "name": "durga temple"
  }, 
  "fateh balaji mandir": {
    "name": "fateh balaji mandir"
  }, 
  "fateh sagar lake": {
    "name": "fateh sagar lake", 
    "prices": {
      "No entry fee": "0"
    }
  }, 
  "fatehshwer mahadev mandir": {
    "name": "fatehshwer mahadev mandir"
  }, 
  "gaytri shakti peeth": {
    "name": "gaytri shakti peeth"
  }, 
  "government museum": {
    "days-of-week": "All days of the week except Friday", 
    "name": "government museum", 
    "timings": "9:30 AM - 5:00 PM"
  }, 
  "gulab bagh": {
    "name": "gulab bagh", 
    "prices": {
      "per person for Adults": "25"
    }
  }, 
  "gupteshwar mahadev temple": {
    "name": "gupteshwar mahadev temple"
  }, 
  "guru gobind singh park": {
    "name": "guru gobind singh park"
  }, 
  "haldi ghati": {
    "name": "haldi ghati"
  }, 
  "hanuman mandir": {
    "name": "hanuman mandir"
  }, 
  "hanuman temple": {
    "name": "hanuman temple"
  }, 
  "hast mata mandir": {
    "name": "hast mata mandir"
  }, 
  "hathi pole": {
    "name": "hathi pole", 
    "prices": {}
  }, 
  "hati mati mataji mandir": {
    "name": "hati mati mataji mandir"
  }, 
  "hazareshwar mahadev temple": {
    "name": "hazareshwar mahadev temple"
  }, 
  "jag mandir island palace": {
    "name": "jag mandir island palace", 
    "prices": {
      "per person Adult (boat ride for 30 mins)": "225", 
      "per person Adult (boat ride for an hour)": "325", 
      "per person Child (boat ride for 30 mins)": "115", 
      "per person Child (boat ride for an hour)": "165"
    }
  }, 
  "jagdish temple": {
    "days-of-week": "All days of the week", 
    "name": "jagdish temple", 
    "prices": {
      "no entry fee": "0"
    }, 
    "timings": null
  }, 
  "jai ambey mata ji mandir": {
    "name": "jai ambey mata ji mandir"
  }, 
  "jaisamand lake": {
    "name": "jaisamand lake", 
    "prices": {
      "No Entry Fee": "0"
    }
  }, 
  "jal bruj mandir": {
    "name": "jal bruj mandir"
  }, 
  "jawahar park": {
    "name": "jawahar park"
  }, 
  "jodhpuriyaji temple": {
    "name": "jodhpuriyaji temple"
  }, 
  "jyoteshwar mahadev temple": {
    "name": "jyoteshwar mahadev temple"
  }, 
  "kajri art cottage showroom": {
    "name": "kajri art cottage showroom"
  }, 
  "kalka mata mandir": {
    "name": "kalka mata mandir"
  }, 
  "karni mata temple": {
    "name": "karni mata temple", 
    "prices": {
      "No Entry Fee": "0"
    }
  }, 
  "khakhal dev gau ayad mandir": {
    "name": "khakhal dev gau ayad mandir"
  }, 
  "khera mata mandir": {
    "name": "khera mata mandir"
  }, 
  "kishan lal ji bhopaji ka devra mandir": {
    "name": "kishan lal ji bhopaji ka devra mandir"
  }, 
  "krishan gallery contemporary art works": {
    "name": "krishan gallery contemporary art works"
  }, 
  "krishna vilas": {
    "name": "krishna vilas"
  }, 
  "kumbhalgarh fort": {
    "days-of-week": "All days of the week", 
    "name": "kumbhalgarh fort", 
    "prices": {
      "per person for Indians": "10", 
      "per person for foreign tourists": "100"
    }, 
    "timings": "9:00 AM - 6:00 PM"
  }, 
  "lalit lakshmi vilas palace": {
    "name": "lalit lakshmi vilas palace"
  }, 
  "machala magra hill": {
    "name": "machala magra hill"
  }, 
  "maha rana museum": {
    "name": "maha rana museum"
  }, 
  "maha rani garden": {
    "name": "maha rani garden"
  }, 
  "mahadev temple": {
    "name": "mahadev temple"
  }, 
  "mahakaleshwar mandir": {
    "name": "mahakaleshwar mandir"
  }, 
  "mahalaxmi mandir": {
    "days-of-week": "All days of the week", 
    "name": "mahalaxmi mandir", 
    "timings": "7:00 AM - 11:00 AM"
  }, 
  "maharana kumbha museum": {
    "name": "maharana kumbha museum"
  }, 
  "maharana pratap memorial": {
    "name": "maharana pratap memorial"
  }, 
  "malikajuna mahadev mandir": {
    "name": "malikajuna mahadev mandir"
  }, 
  "mandalaia ji bavaji ka mandir": {
    "name": "mandalaia ji bavaji ka mandir"
  }, 
  "mandir shri guru maharaj jarabdeshwer dashanam gouswami samaj": {
    "name": "mandir shri guru maharaj jarabdeshwer dashanam gouswami samaj"
  }, 
  "manji mandir": {
    "name": "manji mandir"
  }, 
  "mankameshwer shiv mandir": {
    "name": "mankameshwer shiv mandir"
  }, 
  "melari mata mandir": {
    "name": "melari mata mandir"
  }, 
  "mewar art gallery": {
    "name": "mewar art gallery"
  }, 
  "mohan mandir": {
    "name": "mohan mandir"
  }, 
  "monsoon palace": {
    "days-of-week": "All days of the week", 
    "name": "monsoon palace", 
    "timings": "9:30 AM - 6:30 PM"
  }, 
  "moti magri": {
    "name": "moti magri", 
    "prices": {
      "per person Adult": "25", 
      "per person Autorickshaw": "10", 
      "per person Child": "15", 
      "per person Scooter": "5"
    }
  }, 
  "moti mahal": {
    "name": "moti mahal"
  }, 
  "musical fountain": {
    "name": "musical fountain"
  }, 
  "neemach mata mandir": {
    "name": "neemach mata mandir"
  }, 
  "nehru garden (fateh sagar)": {
    "days-of-week": "All days of the week", 
    "name": "nehru garden (fateh sagar)", 
    "prices": {
      "per person For Indians": "15", 
      "per person for Foreigners": "60"
    }, 
    "timings": "9:00 AM - 6:00 PM"
  }, 
  "nikhleshwar mahadev mandir": {
    "name": "nikhleshwar mahadev mandir"
  }, 
  "nimach mata mandir": {
    "name": "nimach mata mandir"
  }, 
  "nursingh bhagwan mandir": {
    "name": "nursingh bhagwan mandir"
  }, 
  "our lady of fatima cathedral": {
    "days-of-week": "All days of the week", 
    "name": "our lady of fatima cathedral", 
    "prices": {}, 
    "timings": "7:30 AM - 7:30 PM"
  }, 
  "paras talkies": {
    "name": "paras talkies"
  }, 
  "pashupati nath temple": {
    "name": "pashupati nath temple"
  }, 
  "peacock courtyard": {
    "name": "peacock courtyard"
  }, 
  "pichola lake": {
    "days-of-week": "All days of the week", 
    "name": "pichola lake", 
    "prices": {
      "no entry fee": "0"
    }, 
    "timings": "9:00 AM - 6:00 PM"
  }, 
  "picture palace": {
    "name": "picture palace"
  }, 
  "pratap museum": {
    "name": "pratap museum"
  }, 
  "pratap nagar shiv mandir": {
    "name": "pratap nagar shiv mandir"
  }, 
  "psa provincial house": {
    "name": "psa provincial house"
  }, 
  "pushkar guru pawan dham": {
    "name": "pushkar guru pawan dham"
  }, 
  "radha krishna mandir": {
    "name": "radha krishna mandir"
  }, 
  "rajasmand lake": {
    "name": "rajasmand lake", 
    "prices": {
      "No Entry Fee": "0"
    }
  }, 
  "rajasthan penti council church filadelfiya fellowship church": {
    "name": "rajasthan penti council church filadelfiya fellowship church"
  }, 
  "rajiv gandhi garden": {
    "name": "rajiv gandhi garden"
  }, 
  "rajiv gandhi memorial park": {
    "name": "rajiv gandhi memorial park"
  }, 
  "ram ji mandir": {
    "name": "ram ji mandir"
  }, 
  "ram mandir": {
    "name": "ram mandir"
  }, 
  "ram temple": {
    "name": "ram temple"
  }, 
  "rameshwar mahadev mandir": {
    "name": "rameshwar mahadev mandir"
  }, 
  "ranakpur temple": {
    "days-of-week": "All days of the week", 
    "name": "ranakpur temple", 
    "prices": {
      "no entry fee": "0"
    }, 
    "timings": "7:00 AM - 7:00 PM"
  }, 
  "ratan jal mandir": {
    "name": "ratan jal mandir"
  }, 
  "rokariya hanuman mandir": {
    "name": "rokariya hanuman mandir"
  }, 
  "rukmani art gallery": {
    "name": "rukmani art gallery"
  }, 
  "saas bahu temple": {
    "days-of-week": "All days of the week", 
    "name": "saas bahu temple", 
    "prices": {
      "no entry fee": "0"
    }, 
    "timings": null
  }, 
  "sadhna emporium ": {
    "name": "sadhna emporium ", 
    "prices": {}
  }, 
  "safari park sujjagarh": {
    "name": "safari park sujjagarh"
  }, 
  "saheliyon ki bari": {
    "days-of-week": "All days of the week", 
    "name": "saheliyon ki bari", 
    "prices": {
      "per person": "5"
    }, 
    "timings": "9:00 AM - 7:00 PM"
  }, 
  "sai baba mandir": {
    "name": "sai baba mandir"
  }, 
  "samon bagh garden": {
    "name": "samon bagh garden"
  }, 
  "samshergarh fort": {
    "name": "samshergarh fort"
  }, 
  "sanjay garden": {
    "name": "sanjay garden"
  }, 
  "sankat mochan hanuman mandir": {
    "name": "sankat mochan hanuman mandir"
  }, 
  "sati mata mandir": {
    "name": "sati mata mandir"
  }, 
  "satyam shivam sundaram garden": {
    "name": "satyam shivam sundaram garden"
  }, 
  "shakambari devi mandir": {
    "days-of-week": "All days of the week", 
    "name": "shakambari devi mandir", 
    "timings": "5:30 AM - 9:00 PM"
  }, 
  "sheesh mahal": {
    "name": "sheesh mahal"
  }, 
  "sheetal nath maharaj mandir": {
    "name": "sheetal nath maharaj mandir"
  }, 
  "shitla mata mandir": {
    "name": "shitla mata mandir"
  }, 
  "shiv mandir": {
    "name": "shiv mandir"
  }, 
  "shiv mandir hanuman mandir": {
    "name": "shiv mandir hanuman mandir"
  }, 
  "shiv mandir pratap nagar": {
    "name": "shiv mandir pratap nagar"
  }, 
  "shiv temple": {
    "name": "shiv temple"
  }, 
  "shri amriteshwer mahadev mandir": {
    "name": "shri amriteshwer mahadev mandir"
  }, 
  "shri asha pura mataji mandir": {
    "name": "shri asha pura mataji mandir"
  }, 
  "shri bala ji mandir": {
    "name": "shri bala ji mandir"
  }, 
  "shri balaji hanuman mandir": {
    "days-of-week": "All days of the week", 
    "name": "shri balaji hanuman mandir", 
    "timings": "9:00 AM - 9:00 PM"
  }, 
  "shri bhawa ganesh mandir": {
    "name": "shri bhawa ganesh mandir"
  }, 
  "shri char bhuja mandir": {
    "name": "shri char bhuja mandir"
  }, 
  "shri data pati hanuman mandir": {
    "name": "shri data pati hanuman mandir"
  }, 
  "shri gotmeshwar mahadev mandir": {
    "name": "shri gotmeshwar mahadev mandir"
  }, 
  "shri hathila hanumanji mandir": {
    "name": "shri hathila hanumanji mandir"
  }, 
  "shri jaggi baba ji raj mandir": {
    "name": "shri jaggi baba ji raj mandir"
  }, 
  "shri jharneshwar mahadev and shri veer dhaneshwar hanuman mandir": {
    "name": "shri jharneshwar mahadev and shri veer dhaneshwar hanuman mandir"
  }, 
  "shri kalka ji mandir": {
    "name": "shri kalka ji mandir"
  }, 
  "shri lakshmi narayan mandir": {
    "name": "shri lakshmi narayan mandir"
  }, 
  "shri mahadev mandir": {
    "name": "shri mahadev mandir"
  }, 
  "shri mansa purn hanuman mandir": {
    "name": "shri mansa purn hanuman mandir"
  }, 
  "shri mansa purn mahadev mandir": {
    "name": "shri mansa purn mahadev mandir"
  }, 
  "shri manshapurn hanuman ji mandir": {
    "name": "shri manshapurn hanuman ji mandir"
  }, 
  "shri mehndipur bala ji temple": {
    "name": "shri mehndipur bala ji temple"
  }, 
  "shri mela mata mandir baba sita ram ji ashram": {
    "name": "shri mela mata mandir baba sita ram ji ashram"
  }, 
  "shri motishwar mahadev temple": {
    "name": "shri motishwar mahadev temple"
  }, 
  "shri nav durga mata ji mandir": {
    "name": "shri nav durga mata ji mandir"
  }, 
  "shri pataleshwar hanuman mandir": {
    "name": "shri pataleshwar hanuman mandir"
  }, 
  "shri prabhu shyam ji mandir": {
    "name": "shri prabhu shyam ji mandir"
  }, 
  "shri ratan garh hanuman mandir": {
    "name": "shri ratan garh hanuman mandir"
  }, 
  "shri sanatan dharam mandir": {
    "name": "shri sanatan dharam mandir"
  }, 
  "shri satyeshwer mahadev mandir": {
    "name": "shri satyeshwer mahadev mandir"
  }, 
  "shri seeta mata mandir": {
    "name": "shri seeta mata mandir"
  }, 
  "shri shani dev mandir": {
    "name": "shri shani dev mandir"
  }, 
  "shri shri 1008 shri bharat singh ji babu ji bhaironath ji mandir": {
    "name": "shri shri 1008 shri bharat singh ji babu ji bhaironath ji mandir"
  }, 
  "shri shri 108 lakshmi narayan mandir": {
    "name": "shri shri 108 lakshmi narayan mandir"
  }, 
  "shri sidh hanumanji sidh bheshnath ji mandir": {
    "name": "shri sidh hanumanji sidh bheshnath ji mandir"
  }, 
  "shri vaikunt dham shri mansha purn mahadev temple": {
    "name": "shri vaikunt dham shri mansha purn mahadev temple"
  }, 
  "shri vasupujyamaharaj mandir trust temple": {
    "name": "shri vasupujyamaharaj mandir trust temple"
  }, 
  "shri veer shakti hanuman mandir": {
    "name": "shri veer shakti hanuman mandir"
  }, 
  "sita mata mandir": {
    "name": "sita mata mandir"
  }, 
  "someshwar mahadev mandir": {
    "name": "someshwar mahadev mandir"
  }, 
  "southern temple": {
    "name": "southern temple"
  }, 
  "speed boating at fateh sagar lake": {
    "days-of-week": "All days of the week", 
    "name": "speed boating at fateh sagar lake", 
    "prices": {
      "per person onwards": "200"
    }, 
    "timings": "8:00 AM - 4:30 PM"
  }, 
  "sri chandra prasad nath temple": {
    "name": "sri chandra prasad nath temple"
  }, 
  "sri hanuman mandir": {
    "name": "sri hanuman mandir"
  }, 
  "sri jaggarnath mandir": {
    "name": "sri jaggarnath mandir"
  }, 
  "sri pala ganesh mandir": {
    "name": "sri pala ganesh mandir"
  }, 
  "sri shiv mandir": {
    "name": "sri shiv mandir"
  }, 
  "sri someshwar hanuman mandir": {
    "name": "sri someshwar hanuman mandir"
  }, 
  "styarth prakash stup": {
    "name": "styarth prakash stup"
  }, 
  "sukh sagar palace": {
    "name": "sukh sagar palace"
  }, 
  "sukhadia circle": {
    "name": "sukhadia circle", 
    "prices": {
      "No entry Fee": "0"
    }
  }, 
  "suraj pol sun gate": {
    "name": "suraj pol sun gate"
  }, 
  "swapnalok cinema": {
    "name": "swapnalok cinema"
  }, 
  "swaroop sagar": {
    "name": "swaroop sagar", 
    "prices": {}
  }, 
  "swaroop tej bihari temple": {
    "name": "swaroop tej bihari temple"
  }, 
  "takhman 28 art centre": {
    "name": "takhman 28 art centre"
  }, 
  "tibetan market": {
    "name": "tibetan market", 
    "prices": {}
  }, 
  "udai sagar lake": {
    "name": "udai sagar lake", 
    "prices": {
      "No Entry Fee": "0"
    }
  }, 
  "udaipur solar observatory": {
    "name": "udaipur solar observatory"
  }, 
  "united church of northern india": {
    "name": "united church of northern india"
  }, 
  "vijayeshwar mataji mandir": {
    "name": "vijayeshwar mataji mandir"
  }, 
  "vintage car museum": {
    "days-of-week": "All days of the week", 
    "name": "vintage car museum", 
    "prices": {
      "per person for adults": "150", 
      "per person for children (5 to 12 years)": "95"
    }, 
    "timings": "09.00 AM - 08.00 PM"
  }, 
  "welcome garden": {
    "name": "welcome garden"
  }, 
  "zanana mahal": {
    "name": "zanana mahal"
  }
}