{
  "badal mahal": {
    "name": "badal mahal"
  }, 
  "bijay raj rajeshwar mandir": {
    "name": "bijay raj rajeshwar mandir"
  }, 
  "deo somnath temple ": {
    "name": "deo somnath temple "
  }, 
  "dhaneshwar mahadev mandir": {
    "name": "dhaneshwar mahadev mandir"
  }, 
  "dungarpur fort": {
    "name": "dungarpur fort"
  }, 
  "gaib sagar lake": {
    "name": "gaib sagar lake"
  }, 
  "gaib sagar lake ": {
    "name": "gaib sagar lake "
  }, 
  "juna mahal": {
    "name": "juna mahal"
  }, 
  "juna mahal ": {
    "name": "juna mahal "
  }, 
  "mahakal mandir": {
    "name": "mahakal mandir"
  }, 
  "mataji temple": {
    "name": "mataji temple"
  }, 
  "sabela lake": {
    "name": "sabela lake"
  }, 
  "sai baba mandir": {
    "name": "sai baba mandir"
  }
}