{
  "ambikey palace": {
    "name": "ambikey palace"
  }, 
  "amtala kalibari": {
    "name": "amtala kalibari"
  }, 
  "azad theatre": {
    "name": "azad theatre"
  }, 
  "bala ji mandir": {
    "name": "bala ji mandir"
  }, 
  "balaji dham": {
    "name": "balaji dham"
  }, 
  "bani mandir": {
    "name": "bani mandir"
  }, 
  "cinema ghar": {
    "name": "cinema ghar"
  }, 
  "hanuman mandir": {
    "name": "hanuman mandir"
  }, 
  "hanumanji ki murti": {
    "name": "hanumanji ki murti"
  }, 
  "home land mandir": {
    "name": "home land mandir"
  }, 
  "indira vatika": {
    "name": "indira vatika"
  }, 
  "kali maa mandir": {
    "name": "kali maa mandir"
  }, 
  "krishna big cinemas": {
    "name": "krishna big cinemas"
  }, 
  "narus hall": {
    "name": "narus hall"
  }, 
  "om namah shivay": {
    "name": "om namah shivay"
  }, 
  "payal theatre": {
    "name": "payal theatre"
  }, 
  "puneet nagpal": {
    "name": "puneet nagpal"
  }, 
  "ramdev mandir": {
    "name": "ramdev mandir"
  }, 
  "sanatan dharm bada mandir": {
    "name": "sanatan dharm bada mandir"
  }, 
  "santoshi temple": {
    "name": "santoshi temple"
  }, 
  "shaheed e azam bhagat singh park": {
    "name": "shaheed e azam bhagat singh park"
  }, 
  "shani mandir": {
    "name": "shani mandir"
  }, 
  "shipayanee cinema": {
    "name": "shipayanee cinema"
  }, 
  "shitalama mandir": {
    "name": "shitalama mandir"
  }, 
  "shiv mandir": {
    "name": "shiv mandir"
  }, 
  "sidh hanuman mandir": {
    "name": "sidh hanuman mandir"
  }
}