{
  "cave paintings": {
    "name": "cave paintings"
  }, 
  "chaurasi khambon ki chhatri": {
    "name": "chaurasi khambon ki chhatri"
  }, 
  "chhattar mahal": {
    "name": "chhattar mahal"
  }, 
  "chitrashala": {
    "name": "chitrashala"
  }, 
  "dugari": {
    "name": "dugari"
  }, 
  "garh palace": {
    "name": "garh palace"
  }, 
  "jait sagar": {
    "name": "jait sagar"
  }, 
  "moti mahal": {
    "name": "moti mahal"
  }, 
  "nagar sagar": {
    "name": "nagar sagar"
  }, 
  "nawal sagar lake": {
    "name": "nawal sagar lake"
  }, 
  "rani ji ki badi": {
    "name": "rani ji ki badi"
  }, 
  "raniji-ki-baori": {
    "name": "raniji-ki-baori"
  }, 
  "ranjit talkies": {
    "name": "ranjit talkies"
  }, 
  "sukh mahal": {
    "name": "sukh mahal"
  }, 
  "talwas fort": {
    "days-of-week": "All days of the week", 
    "name": "talwas fort", 
    "timings": "8:30 AM - 4:30 PM"
  }, 
  "taragarh fort": {
    "name": "taragarh fort"
  }, 
  "the bundi palace": {
    "name": "the bundi palace"
  }
}