{
  "achaleshwar mahadev temple ": {
    "name": "achaleshwar mahadev temple ", 
    "prices": {}
  }, 
  "achalgarh": {
    "name": "achalgarh"
  }, 
  "adhar devi temple": {
    "days-of-week": "All days of the week", 
    "name": "adhar devi temple", 
    "prices": {
      "No entry fee": "0"
    }, 
    "timings": null
  }, 
  "ambika mata mandir": {
    "name": "ambika mata mandir"
  }, 
  "brahma kumaris museum": {
    "days-of-week": "All days of the week", 
    "name": "brahma kumaris museum", 
    "prices": {
      "no entry fee": "0"
    }, 
    "timings": "8:00 AM - 8:00 PM"
  }, 
  "dhrudhiya water falls": {
    "name": "dhrudhiya water falls"
  }, 
  "dilwara temples": {
    "days-of-week": "All days of the week", 
    "name": "dilwara temples", 
    "prices": {
      "No entry fee": "0"
    }, 
    "timings": "12:00 PM - 5:00 PM"
  }, 
  "doodh baori": {
    "name": "doodh baori"
  }, 
  "gaumukh vashisht ashram": {
    "name": "gaumukh vashisht ashram"
  }, 
  "government museum": {
    "days-of-week": "All days of the week except Friday", 
    "name": "government museum", 
    "timings": "10:00 AM - 4:30 PM"
  }, 
  "guru shikhar": {
    "days-of-week": "All days of the week", 
    "name": "guru shikhar", 
    "prices": {
      "no entry fee": "0"
    }, 
    "timings": "8:00 AM - 6:30 PM"
  }, 
  "gyan sarovar complex": {
    "name": "gyan sarovar complex"
  }, 
  "luna vasahi temple": {
    "days-of-week": "All days of the week", 
    "name": "luna vasahi temple", 
    "prices": {
      "No entry fee": "0"
    }, 
    "timings": "12:00 PM - 3:00 PM"
  }, 
  "mount abu wildlife sanctuary": {
    "days-of-week": "All days of the week", 
    "name": "mount abu wildlife sanctuary", 
    "prices": {
      "per person Jeep Safari": "300"
    }, 
    "timings": "9:00 AM - 5:30 PM"
  }, 
  "mughal garden": {
    "name": "mughal garden"
  }, 
  "nakki lake": {
    "days-of-week": "All days of the week", 
    "name": "nakki lake", 
    "prices": {
      "No entry fee": "0"
    }, 
    "timings": "8:00 AM - 6:00 PM"
  }, 
  "nilkanth temple": {
    "name": "nilkanth temple"
  }, 
  "palm view garden": {
    "name": "palm view garden"
  }, 
  "pandav bhawan complex": {
    "name": "pandav bhawan complex"
  }, 
  "peace park": {
    "days-of-week": "All days of the week", 
    "name": "peace park", 
    "prices": {
      "No entry fee": "0"
    }, 
    "timings": "8:00 AM - 7:00 PM"
  }, 
  "pool garden": {
    "name": "pool garden"
  }, 
  "raghunath temple": {
    "days-of-week": "All days of the week", 
    "name": "raghunath temple", 
    "prices": {
      "No entry fee": "0"
    }, 
    "timings": null
  }, 
  "romp pomp pomp": {
    "name": "romp pomp pomp"
  }, 
  "school chapel": {
    "name": "school chapel"
  }, 
  "shankar math": {
    "name": "shankar math"
  }, 
  "spiritual art gallery": {
    "name": "spiritual art gallery"
  }, 
  "sri duleshwar mahadev temple": {
    "name": "sri duleshwar mahadev temple"
  }, 
  "st lawrence church": {
    "name": "st lawrence church"
  }, 
  "sunrise valley": {
    "name": "sunrise valley"
  }, 
  "sunset point": {
    "name": "sunset point", 
    "prices": {
      "No entry fee": "0"
    }
  }, 
  "toad rock": {
    "name": "toad rock"
  }, 
  "vijay ghati": {
    "name": "vijay ghati"
  }, 
  "vimal vasahi": {
    "days-of-week": "All days of the week", 
    "name": "vimal vasahi", 
    "prices": {
      "No entry fee": "0"
    }, 
    "timings": null
  }
}