{
  "ashoka talkies": {
    "name": "ashoka talkies"
  }, 
  "bala qila": {
    "name": "bala qila", 
    "prices": {}
  }, 
  "bala quila": {
    "days-of-week": "All days of the week", 
    "name": "bala quila", 
    "prices": {
      "no entry fee": "0"
    }, 
    "timings": "10:00 AM - 4:30 PM"
  }, 
  "bhangarh fort": {
    "days-of-week": "All days of the week", 
    "name": "bhangarh fort", 
    "timings": "6:00 AM - 6:00 PM"
  }, 
  "bharat talkies": {
    "name": "bharat talkies"
  }, 
  "bhartrihari temple": {
    "name": "bhartrihari temple"
  }, 
  "city palace": {
    "days-of-week": "All days of the week except Monday", 
    "name": "city palace", 
    "prices": {
      "per person Indian": "5", 
      "per person foreigners": "50"
    }, 
    "timings": "10:00 AM - 5:00 PM"
  }, 
  "clock tower": {
    "name": "clock tower"
  }, 
  "company bagh": {
    "name": "company bagh", 
    "prices": {
      "no entry fee": "0"
    }
  }, 
  "fateh jung ka gumbaj": {
    "days-of-week": "All days of the week", 
    "name": "fateh jung ka gumbaj", 
    "prices": {}, 
    "timings": "9:00 AM - 5:00 PM"
  }, 
  "gopal cinema": {
    "name": "gopal cinema"
  }, 
  "government museum": {
    "days-of-week": "All days of the week", 
    "name": "government museum", 
    "prices": {
      "per person Foreign Nationals": "10", 
      "per person Indians": "5"
    }, 
    "timings": "10:00 AM - 5:00 PM"
  }, 
  "jagannath temple": {
    "days-of-week": "All days of the week", 
    "name": "jagannath temple", 
    "prices": {}, 
    "timings": "7:00 AM - 8:30 PM"
  }, 
  "jai pol": {
    "name": "jai pol"
  }, 
  "jai samand lake": {
    "name": "jai samand lake"
  }, 
  "jungle safari at sariska national park": {
    "name": "jungle safari at sariska national park", 
    "prices": {
      " per video camera": "400", 
      "per jeep All inclusive Safari for 6 people": "4,200", 
      "per person for Foreign Nationals": "470", 
      "per person for Indians": "80"
    }
  }, 
  "karni mata temple": {
    "name": "karni mata temple", 
    "prices": {
      "no entry fee": "0"
    }
  }, 
  "kishan kund": {
    "name": "kishan kund"
  }, 
  "lal diggi": {
    "name": "lal diggi"
  }, 
  "moosi maharani ki chhatri": {
    "name": "moosi maharani ki chhatri", 
    "prices": {}
  }, 
  "moti doongri": {
    "name": "moti doongri"
  }, 
  "pandupol hanuman temple": {
    "days-of-week": "All days of the week", 
    "name": "pandupol hanuman temple", 
    "prices": {}, 
    "timings": "5:00 AM - 10:00 PM"
  }, 
  "purjan vihar": {
    "name": "purjan vihar"
  }, 
  "sariska wildlife sanctuary": {
    "days-of-week": "All days of the week", 
    "name": "sariska wildlife sanctuary", 
    "prices": {
      "per person Entry Fee for jeep for 6 Passengers": "2,650", 
      "per person Indian tourists": "80", 
      "per person International tourists": "470", 
      "per person Video camera": "400"
    }, 
    "timings": "6:00 AM - 4:00 PM"
  }, 
  "shiv hanuman temple": {
    "name": "shiv hanuman temple"
  }, 
  "siliserh lake": {
    "days-of-week": "All days of the week", 
    "name": "siliserh lake", 
    "prices": {
      "no entry fee": "0"
    }, 
    "timings": "5:00 AM - 8:00 PM"
  }, 
  "tripolia": {
    "name": "tripolia"
  }, 
  "vijay mandir mahal": {
    "name": "vijay mandir mahal", 
    "prices": {}
  }, 
  "vinay vilas mahal": {
    "days-of-week": "All days of the week except Friday", 
    "name": "vinay vilas mahal", 
    "prices": {
      "per person (Museum entry fee)": "3"
    }, 
    "timings": "10:00 AM - 6:00 PM"
  }, 
  "vinay vilas palace (rr college)": {
    "name": "vinay vilas palace (rr college)"
  }
}