{
  "bassi wildlife sanctuary ": {
    "days-of-week": "All days of the week", 
    "name": "bassi wildlife sanctuary ", 
    "prices": {
      " for Vehicles": "65", 
      "per person": "2"
    }, 
    "timings": "6:30 AM - 5:00 PM"
  }, 
  "chittorgarh": {
    "name": "chittorgarh"
  }, 
  "chittorgarh fort": {
    "name": "chittorgarh fort", 
    "prices": {
      "per person for Indians": "10", 
      "per person for foreign tourists": "100"
    }
  }, 
  "fateh prakash palace museum": {
    "days-of-week": "All days of the week except Friday", 
    "name": "fateh prakash palace museum", 
    "prices": {
      "per person": "2"
    }, 
    "timings": "10:00 AM - 4:30 PM"
  }, 
  "fatta haveli": {
    "name": "fatta haveli"
  }, 
  "gaumukh reservoir ": {
    "name": "gaumukh reservoir ", 
    "prices": {
      "no entry fee": "0"
    }
  }, 
  "kalika mata temple ": {
    "name": "kalika mata temple "
  }, 
  "kirti stambh (tower of fame )": {
    "name": "kirti stambh (tower of fame )", 
    "prices": {
      "no entry fee": "0"
    }
  }, 
  "ma lal bai phul bai": {
    "name": "ma lal bai phul bai"
  }, 
  "meera temple": {
    "name": "meera temple", 
    "prices": {
      "no entry fee": "0"
    }
  }, 
  "naulakha bhandar": {
    "name": "naulakha bhandar"
  }, 
  "padmini's palace": {
    "name": "padmini's palace", 
    "prices": {
      "no entry fee": "0"
    }
  }, 
  "rana kumbha palace": {
    "name": "rana kumbha palace", 
    "prices": {
      "no entry fee": "0"
    }
  }, 
  "ranakpur temple": {
    "days-of-week": "All days of the week", 
    "name": "ranakpur temple", 
    "prices": {
      "no entry fee": "0"
    }, 
    "timings": "7:00 AM - 7:00 PM"
  }, 
  "sanwariyaji temple": {
    "days-of-week": "All days of the week", 
    "name": "sanwariyaji temple", 
    "prices": {
      "No entry fee": "0"
    }, 
    "timings": null
  }, 
  "tulja bhawani temple ": {
    "name": "tulja bhawani temple "
  }, 
  "vijay stambha": {
    "name": "vijay stambha", 
    "prices": {
      "no entry fee": "0"
    }
  }, 
  "vijaya stambh (victory tower)": {
    "name": "vijaya stambh (victory tower)"
  }
}