{
  "baba ramdev temple": {
    "name": "baba ramdev temple"
  }, 
  "bada ganesh ji temple": {
    "name": "bada ganesh ji temple"
  }, 
  "bagi nada hanuman mandir": {
    "name": "bagi nada hanuman mandir"
  }, 
  "bhootnath mahadev mandir": {
    "name": "bhootnath mahadev mandir"
  }, 
  "brahm kumari mandir": {
    "name": "brahm kumari mandir"
  }, 
  "chardham ram mandir": {
    "name": "chardham ram mandir"
  }, 
  "chetan mahadev mandir": {
    "name": "chetan mahadev mandir"
  }, 
  "cine magic big cinemas": {
    "name": "cine magic big cinemas"
  }, 
  "cni church": {
    "name": "cni church"
  }, 
  "devi kund sagar ": {
    "name": "devi kund sagar ", 
    "prices": {
      "per person": "30"
    }
  }, 
  "dharni dhar mandir": {
    "name": "dharni dhar mandir"
  }, 
  "ekisiya ganesh mandir": {
    "name": "ekisiya ganesh mandir"
  }, 
  "gajner lake": {
    "name": "gajner lake", 
    "prices": {
      "No entry fee": "0"
    }
  }, 
  "gajner palace": {
    "name": "gajner palace", 
    "prices": {
      "per person": "100"
    }
  }, 
  "gajner wildlife sanctuary": {
    "name": "gajner wildlife sanctuary", 
    "prices": {
      "per person": "100"
    }
  }, 
  "ganesh mandir": {
    "name": "ganesh mandir"
  }, 
  "ganesh shiv temple": {
    "name": "ganesh shiv temple"
  }, 
  "ganga golden jubilee museum": {
    "days-of-week": "All days of the week except Sunday", 
    "name": "ganga golden jubilee museum", 
    "prices": {
      "per person": "5"
    }, 
    "timings": "10:00 AM - 5:00 PM"
  }, 
  "ganga singh museum": {
    "days-of-week": "All days of the week except Friday", 
    "name": "ganga singh museum", 
    "prices": {
      "per person": "3"
    }, 
    "timings": "10:00 AM - 4:30 PM"
  }, 
  "ganga singh statue": {
    "name": "ganga singh statue"
  }, 
  "ganga theatre": {
    "name": "ganga theatre"
  }, 
  "gayatri mata mandir": {
    "name": "gayatri mata mandir"
  }, 
  "gayatri mata temple": {
    "name": "gayatri mata temple"
  }, 
  "gayatri temple": {
    "name": "gayatri temple"
  }, 
  "goli hanumanji temple": {
    "name": "goli hanumanji temple"
  }, 
  "gop nath mahadev temple": {
    "name": "gop nath mahadev temple"
  }, 
  "gopi nath ji mandir": {
    "name": "gopi nath ji mandir"
  }, 
  "hanuman mandir": {
    "name": "hanuman mandir"
  }, 
  "hanuman temple": {
    "name": "hanuman temple"
  }, 
  "hari ram baba temple": {
    "name": "hari ram baba temple"
  }, 
  "hari ram mandir": {
    "name": "hari ram mandir"
  }, 
  "hari ramji temple new lane": {
    "name": "hari ramji temple new lane"
  }, 
  "higulaj temple": {
    "name": "higulaj temple"
  }, 
  "imperial art gallery": {
    "name": "imperial art gallery", 
    "prices": {
      "No entry fee": "0"
    }
  }, 
  "imperial arts gallery": {
    "name": "imperial arts gallery"
  }, 
  "jagdish mandir": {
    "name": "jagdish mandir"
  }, 
  "junagarh fort": {
    "days-of-week": "All days of the week", 
    "name": "junagarh fort", 
    "prices": {
      "per person for Foreigners": "300", 
      "per person for Indian students": "30", 
      "per person for Indians": "50", 
      "per person for foreigner students": "150"
    }, 
    "timings": "10:00 AM - 4:30 PM"
  }, 
  "kali mata temple": {
    "name": "kali mata temple"
  }, 
  "karni mata temple": {
    "days-of-week": "All days of the week", 
    "name": "karni mata temple", 
    "timings": "5:00 AM - 10: 00 PM"
  }, 
  "karni theatre": {
    "name": "karni theatre"
  }, 
  "kharnada hanuman mandir": {
    "name": "kharnada hanuman mandir"
  }, 
  "kheteshwar temple": {
    "name": "kheteshwar temple"
  }, 
  "kodamdeshwar temple": {
    "name": "kodamdeshwar temple"
  }, 
  "kolayatji temple": {
    "name": "kolayatji temple"
  }, 
  "kote gate": {
    "name": "kote gate"
  }, 
  "lallgarh palace": {
    "days-of-week": "All days of the week except Sunday", 
    "name": "lallgarh palace", 
    "prices": {
      "per person": "25"
    }, 
    "timings": "10:00 AM - 5:00 PM"
  }, 
  "laxmi nath temple": {
    "name": "laxmi nath temple"
  }, 
  "ma karni mandir": {
    "name": "ma karni mandir"
  }, 
  "maa bhatiyani temple": {
    "name": "maa bhatiyani temple"
  }, 
  "markandeswer temple": {
    "name": "markandeswer temple"
  }, 
  "marunayak temple": {
    "name": "marunayak temple"
  }, 
  "mata ji temple": {
    "name": "mata ji temple"
  }, 
  "mini soorsagar": {
    "name": "mini soorsagar"
  }, 
  "nagnechi mandir": {
    "days-of-week": "All days of the week", 
    "name": "nagnechi mandir", 
    "timings": null
  }, 
  "nandishwar mahadev mandir": {
    "name": "nandishwar mahadev mandir"
  }, 
  "narmadeshwar mahadev mandir": {
    "name": "narmadeshwar mahadev mandir"
  }, 
  "narsingh bhagwan mandir": {
    "name": "narsingh bhagwan mandir"
  }, 
  "natkhat bana mandir": {
    "name": "natkhat bana mandir"
  }, 
  "panchmukhi hanuman mandir": {
    "name": "panchmukhi hanuman mandir"
  }, 
  "prachina museum": {
    "days-of-week": "All days of the week", 
    "name": "prachina museum", 
    "prices": {
      " for Still Camera": "20", 
      " for Video Camera": "75", 
      "per person for Children and Students": "5", 
      "per person for Foreigners": "25", 
      "per person for Indians": "10"
    }, 
    "timings": "9:00 AM - 6:00 PM"
  }, 
  "ragunath mandir": {
    "name": "ragunath mandir"
  }, 
  "raj mandir": {
    "name": "raj mandir"
  }, 
  "rajasthan state archives": {
    "days-of-week": "All days of the week except Sunday", 
    "name": "rajasthan state archives", 
    "prices": {
      "No entry fee": "0"
    }, 
    "timings": "10:00 AM - 4:30 PM"
  }, 
  "ramdev baba mandir": {
    "name": "ramdev baba mandir"
  }, 
  "rangoli mahadev temple": {
    "name": "rangoli mahadev temple"
  }, 
  "rani laxmi bai park 2": {
    "name": "rani laxmi bai park 2"
  }, 
  "ratan behari temple": {
    "name": "ratan behari temple", 
    "prices": {}
  }, 
  "sadul museum": {
    "days-of-week": "All days of the week except Sunday", 
    "name": "sadul museum", 
    "prices": {
      "per person for Foreigners": "20", 
      "per person for Indians": "10"
    }, 
    "timings": "10:00 AM  - 5:00 PM"
  }, 
  "sai baba temple": {
    "name": "sai baba temple"
  }, 
  "sankat mochan hanuman mandir": {
    "name": "sankat mochan hanuman mandir"
  }, 
  "sardul singh statue": {
    "name": "sardul singh statue"
  }, 
  "shani mandir": {
    "name": "shani mandir"
  }, 
  "shiv bari temple": {
    "days-of-week": "All days of the week", 
    "name": "shiv bari temple", 
    "timings": "7:00 AM - 7:00 PM"
  }, 
  "shiv shakti mandir": {
    "name": "shiv shakti mandir"
  }, 
  "shri guru jambheshwar mandir": {
    "name": "shri guru jambheshwar mandir"
  }, 
  "shubham garden sadulganj": {
    "name": "shubham garden sadulganj"
  }, 
  "soor sagar": {
    "name": "soor sagar"
  }, 
  "sri ayappa mandir": {
    "name": "sri ayappa mandir"
  }, 
  "sri laleshwar mahadev mandir": {
    "name": "sri laleshwar mahadev mandir"
  }, 
  "sri mansapuram mandir": {
    "name": "sri mansapuram mandir"
  }, 
  "sri parshav nath mandir": {
    "name": "sri parshav nath mandir"
  }, 
  "sri ram mandir": {
    "name": "sri ram mandir"
  }, 
  "sri ramdev temple": {
    "name": "sri ramdev temple"
  }, 
  "sri shirdi sai mandir": {
    "name": "sri shirdi sai mandir"
  }, 
  "sri shiv temple": {
    "name": "sri shiv temple"
  }, 
  "suraj talkies": {
    "days-of-week": "All days of the week", 
    "name": "suraj talkies", 
    "timings": "9:00 AM - 12:00 AM"
  }, 
  "surajbhan mandir": {
    "name": "surajbhan mandir"
  }, 
  "thar desert": {
    "name": "thar desert"
  }, 
  "tulsi kutir mandir": {
    "name": "tulsi kutir mandir"
  }, 
  "vashno devi mandir": {
    "name": "vashno devi mandir"
  }, 
  "vikramaditya ka tilla": {
    "name": "vikramaditya ka tilla"
  }, 
  "vishwakarma temple": {
    "name": "vishwakarma temple"
  }
}