{
  "ardhangeshwar mahadev mandir": {
    "name": "ardhangeshwar mahadev mandir"
  }, 
  "arya samaj mandir": {
    "name": "arya samaj mandir"
  }, 
  "banke bihari temple": {
    "name": "banke bihari temple"
  }, 
  "bhagwan cinema": {
    "name": "bhagwan cinema"
  }, 
  "bharatpur bird sanctuary": {
    "days-of-week": "All days of the week", 
    "name": "bharatpur bird sanctuary", 
    "prices": {
      " for rickshaw ride": "100", 
      "per person for Indians": "50", 
      "per person for foreign tourists": "400"
    }, 
    "timings": "8:00 AM - 5:00 PM"
  }, 
  "bhariji temple": {
    "name": "bhariji temple"
  }, 
  "bihari ji dheersingh baba": {
    "name": "bihari ji dheersingh baba"
  }, 
  "chawad devi temple": {
    "name": "chawad devi temple"
  }, 
  "dadiji ka mahal": {
    "name": "dadiji ka mahal"
  }, 
  "deeg": {
    "name": "deeg"
  }, 
  "deeg palace": {
    "days-of-week": "All days of the week except Friday", 
    "name": "deeg palace", 
    "prices": {
      "per person For Foreigners": "100", 
      "per person For Indians": "5"
    }, 
    "timings": "9:00 AM - 5:00 PM"
  }, 
  "fateh burj": {
    "name": "fateh burj"
  }, 
  "ganesh temple": {
    "name": "ganesh temple"
  }, 
  "ganga mandir": {
    "name": "ganga mandir"
  }, 
  "government museum": {
    "name": "government museum"
  }, 
  "government museum bharatpur": {
    "name": "government museum bharatpur"
  }, 
  "jawahar burj": {
    "name": "jawahar burj"
  }, 
  "keoladeo ghana national park": {
    "name": "keoladeo ghana national park"
  }, 
  "keoladeo mandir": {
    "name": "keoladeo mandir"
  }, 
  "kishori mahal": {
    "name": "kishori mahal"
  }, 
  "lake bharathpur": {
    "name": "lake bharathpur"
  }, 
  "laxman mandir": {
    "name": "laxman mandir"
  }, 
  "lohagarh fort": {
    "name": "lohagarh fort"
  }, 
  "mansa devi mandir": {
    "name": "mansa devi mandir"
  }, 
  "moti mahal palace": {
    "name": "moti mahal palace"
  }, 
  "murli chitralok cinema": {
    "name": "murli chitralok cinema"
  }, 
  "picture palace": {
    "name": "picture palace"
  }, 
  "purneshwar mahadev mandir": {
    "name": "purneshwar mahadev mandir"
  }, 
  "rajrajeshwari temple": {
    "name": "rajrajeshwari temple"
  }, 
  "salegram mandir": {
    "name": "salegram mandir"
  }, 
  "satya narayan temple": {
    "name": "satya narayan temple"
  }, 
  "seetharam temple": {
    "name": "seetharam temple"
  }, 
  "shamshaneshwar mahadev mandir": {
    "name": "shamshaneshwar mahadev mandir"
  }, 
  "shastri park": {
    "name": "shastri park"
  }, 
  "shiva cinema": {
    "name": "shiva cinema"
  }, 
  "sikri wale hanuman mandir": {
    "name": "sikri wale hanuman mandir"
  }, 
  "st lukes church": {
    "name": "st lukes church"
  }
}