{
  "achal nath mandir": {
    "name": "achal nath mandir"
  }, 
  "air force mandir": {
    "name": "air force mandir"
  }, 
  "akhileshwar dham mandir": {
    "name": "akhileshwar dham mandir"
  }, 
  "amarnath temple": {
    "name": "amarnath temple"
  }, 
  "anand cinema": {
    "name": "anand cinema"
  }, 
  "arna jharna": {
    "name": "arna jharna"
  }, 
  "arya samaj mandir": {
    "name": "arya samaj mandir"
  }, 
  "ashapura mata mandir": {
    "name": "ashapura mata mandir"
  }, 
  "ayyappa temple": {
    "name": "ayyappa temple"
  }, 
  "baba ramdev mandir": {
    "name": "baba ramdev mandir"
  }, 
  "baba ramdev temple ": {
    "days-of-week": "All days of the week", 
    "name": "baba ramdev temple ", 
    "prices": {
      "no entry fee": "0"
    }, 
    "timings": null
  }, 
  "badleshwar mahadev mandir": {
    "name": "badleshwar mahadev mandir"
  }, 
  "balsamand lake": {
    "days-of-week": "All days of the week", 
    "name": "balsamand lake", 
    "prices": {
      "no entry fee": "0"
    }, 
    "timings": "12:00 AM - 12:00 AM"
  }, 
  "bara ramdwara": {
    "name": "bara ramdwara"
  }, 
  "bayo sa mandir": {
    "name": "bayo sa mandir"
  }, 
  "bhagat ji mandir": {
    "name": "bhagat ji mandir"
  }, 
  "bhagat ki kothi": {
    "name": "bhagat ki kothi", 
    "prices": {}
  }, 
  "bhairav mandir": {
    "name": "bhairav mandir", 
    "prices": {
      "no entry fee": "0"
    }
  }, 
  "bhay ganga mata ka mandir": {
    "name": "bhay ganga mata ka mandir"
  }, 
  "bheruji mandir": {
    "name": "bheruji mandir"
  }, 
  "bhootnath temple": {
    "name": "bhootnath temple"
  }, 
  "bhumiya ji mandir": {
    "name": "bhumiya ji mandir"
  }, 
  "bulan divya mandir": {
    "name": "bulan divya mandir"
  }, 
  "central methodist church": {
    "name": "central methodist church"
  }, 
  "chamunda mandir": {
    "name": "chamunda mandir"
  }, 
  "chamunda mata mandir": {
    "days-of-week": "All days of the week", 
    "name": "chamunda mata mandir", 
    "prices": {
      "no entry fee": "0"
    }, 
    "timings": null
  }, 
  "chamunda mata temple": {
    "name": "chamunda mata temple"
  }, 
  "chamundat mata mandir": {
    "name": "chamundat mata mandir"
  }, 
  "chopasni mandir": {
    "name": "chopasni mandir"
  }, 
  "city wall": {
    "name": "city wall"
  }, 
  "dali bai mandir": {
    "name": "dali bai mandir"
  }, 
  "darpan cinema": {
    "name": "darpan cinema"
  }, 
  "devi mandir": {
    "name": "devi mandir"
  }, 
  "dhawa doli wildlife sanctuary": {
    "days-of-week": "All days of the week", 
    "name": "dhawa doli wildlife sanctuary", 
    "prices": {
      "no entry fee": "0"
    }, 
    "timings": "12:00 AM - 12:00 PM"
  }, 
  "dodidar temple": {
    "name": "dodidar temple"
  }, 
  "durga maa mandir": {
    "name": "durga maa mandir"
  }, 
  "durga mandir": {
    "name": "durga mandir"
  }, 
  "eaklangi mahadev mandir": {
    "name": "eaklangi mahadev mandir"
  }, 
  "eklavya mahadev mandir": {
    "name": "eklavya mahadev mandir"
  }, 
  "fateh sagar": {
    "name": "fateh sagar"
  }, 
  "filadelfia fellow ship church of india": {
    "name": "filadelfia fellow ship church of india"
  }, 
  "ganesh mandir": {
    "name": "ganesh mandir"
  }, 
  "ganesh temple": {
    "days-of-week": "All days of the week", 
    "name": "ganesh temple", 
    "prices": {
      "no entry fee": "0"
    }, 
    "timings": null
  }, 
  "gangeshwar mandir": {
    "name": "gangeshwar mandir"
  }, 
  "gayatri mata mandir": {
    "name": "gayatri mata mandir"
  }, 
  "ghanshyam mandir": {
    "name": "ghanshyam mandir"
  }, 
  "golden cinema": {
    "name": "golden cinema"
  }, 
  "gregorios": {
    "name": "gregorios"
  }, 
  "gulab sagar": {
    "name": "gulab sagar"
  }, 
  "gupteswar shiv hanuman mandir": {
    "name": "gupteswar shiv hanuman mandir"
  }, 
  "haldi ghati": {
    "name": "haldi ghati"
  }, 
  "hall of the heroes": {
    "days-of-week": "All days of the week", 
    "name": "hall of the heroes", 
    "prices": {}, 
    "timings": "9:00 AM - 6:00 PM"
  }, 
  "hamid bagh": {
    "name": "hamid bagh"
  }, 
  "hanuman mandir": {
    "name": "hanuman mandir"
  }, 
  "hanwant garden": {
    "name": "hanwant garden"
  }, 
  "ichchhapurn hanuman mandir": {
    "name": "ichchhapurn hanuman mandir"
  }, 
  "jabar nath mahadev mandir": {
    "name": "jabar nath mahadev mandir"
  }, 
  "jagdamba mata mandir": {
    "name": "jagdamba mata mandir"
  }, 
  "jagdamba temple": {
    "name": "jagdamba temple"
  }, 
  "jagnath mandir": {
    "name": "jagnath mandir"
  }, 
  "jai maa chamunda mandir": {
    "name": "jai maa chamunda mandir"
  }, 
  "jai pol": {
    "days-of-week": "All days of the week", 
    "name": "jai pol", 
    "prices": {}, 
    "timings": "9:00 AM - 5:00 PM"
  }, 
  "jalandhar nath ji mandir": {
    "name": "jalandhar nath ji mandir"
  }, 
  "jaswant thada": {
    "days-of-week": "All days of the week", 
    "name": "jaswant thada", 
    "prices": {
      "per camcorder": "50", 
      "per person for Indians": "15", 
      "per person for foreign tourists": "30", 
      "per still camera": "25"
    }, 
    "timings": "9:00 AM  - 5:00 PM"
  }, 
  "juna khera mandir": {
    "name": "juna khera mandir"
  }, 
  "kali mata mandir": {
    "name": "kali mata mandir"
  }, 
  "kalptaru cinema": {
    "name": "kalptaru cinema"
  }, 
  "kamleshwar mahadev mandir": {
    "name": "kamleshwar mahadev mandir"
  }, 
  "karani bala ji mandir": {
    "name": "karani bala ji mandir"
  }, 
  "kaviraja sahib ki haveli": {
    "name": "kaviraja sahib ki haveli"
  }, 
  "kaylana lake": {
    "days-of-week": "All days of the week", 
    "name": "kaylana lake", 
    "prices": {
      "no entry fee": "0"
    }, 
    "timings": "12:00 AM - 12:00 PM"
  }, 
  "kheechan bird sanctuary": {
    "days-of-week": "All days of the week", 
    "name": "kheechan bird sanctuary", 
    "prices": {
      "no entry fee": "0"
    }, 
    "timings": "12:00 AM - 12:00 PM"
  }, 
  "kohinoor cinema entry gate": {
    "name": "kohinoor cinema entry gate"
  }, 
  "kohinoor cinema exit gate": {
    "name": "kohinoor cinema exit gate"
  }, 
  "kohinoor cinema hall": {
    "name": "kohinoor cinema hall"
  }, 
  "krishna mandir": {
    "name": "krishna mandir"
  }, 
  "lal sagar": {
    "name": "lal sagar"
  }, 
  "lalgarh temple": {
    "name": "lalgarh temple"
  }, 
  "laxmi narayan mandir": {
    "name": "laxmi narayan mandir"
  }, 
  "loco hanuman mandir": {
    "name": "loco hanuman mandir"
  }, 
  "lodha kuldevi sri barmata mandir": {
    "name": "lodha kuldevi sri barmata mandir"
  }, 
  "loha pol": {
    "days-of-week": "All days of the week except Saturday", 
    "name": "loha pol", 
    "prices": {
      "per person Foreign nationals": "250", 
      "per person Indians": "20"
    }, 
    "timings": "9:00 AM - 5:00 PM"
  }, 
  "lord ganesh mandir": {
    "name": "lord ganesh mandir"
  }, 
  "lord shiva temple": {
    "name": "lord shiva temple"
  }, 
  "ludharva mata mandir": {
    "name": "ludharva mata mandir"
  }, 
  "maa ambay temple": {
    "name": "maa ambay temple"
  }, 
  "maa bhawani sawari mandir": {
    "name": "maa bhawani sawari mandir"
  }, 
  "machapurn mahadev sai dham": {
    "name": "machapurn mahadev sai dham"
  }, 
  "machiya safari park": {
    "name": "machiya safari park"
  }, 
  "madhukeshwar mahadev mandir": {
    "name": "madhukeshwar mahadev mandir"
  }, 
  "madhuvan balaji mandir": {
    "name": "madhuvan balaji mandir"
  }, 
  "madhuvan mahadev mandir": {
    "name": "madhuvan mahadev mandir"
  }, 
  "mahadev mandir": {
    "name": "mahadev mandir"
  }, 
  "mahamandir temple": {
    "days-of-week": "All days of the week", 
    "name": "mahamandir temple", 
    "prices": {
      "no entry fee": "0"
    }, 
    "timings": null
  }, 
  "maharishi dadhichi garden": {
    "name": "maharishi dadhichi garden"
  }, 
  "mahaveer vatika": {
    "name": "mahaveer vatika"
  }, 
  "man sagar": {
    "name": "man sagar"
  }, 
  "mancha purna mandir": {
    "name": "mancha purna mandir"
  }, 
  "mandor garden": {
    "name": "mandor garden"
  }, 
  "mandore garden gate 1": {
    "name": "mandore garden gate 1"
  }, 
  "mandore garden gate 2": {
    "name": "mandore garden gate 2"
  }, 
  "mandore gardens": {
    "days-of-week": "All days of the week", 
    "name": "mandore gardens", 
    "prices": {
      "per person Museum": "50"
    }, 
    "timings": "8:00 AM - 8:00 PM"
  }, 
  "manohar art gallery": {
    "name": "manohar art gallery"
  }, 
  "masuriya hill garden": {
    "name": "masuriya hill garden"
  }, 
  "mata jagdamba temple": {
    "name": "mata jagdamba temple"
  }, 
  "mata mandir": {
    "name": "mata mandir"
  }, 
  "mathura mangalam garden": {
    "name": "mathura mangalam garden"
  }, 
  "mehrangarh fort": {
    "days-of-week": "All days of the week", 
    "name": "mehrangarh fort", 
    "prices": {
      "per person for foreigner tourists": "400", 
      "per person for indians": "60"
    }, 
    "timings": "9:00 AM - 5:00 PM "
  }, 
  "mehrangarh fort museum": {
    "days-of-week": "All days of the week", 
    "name": "mehrangarh fort museum", 
    "prices": {
      "per camcoder": "200", 
      "per person onwards (includes still camera fee and audio guide)": "250"
    }, 
    "timings": "9:00 AM - 5:00 PM"
  }, 
  "mehrangarh gate": {
    "days-of-week": "All days of the week", 
    "name": "mehrangarh gate", 
    "prices": {
      "per person Foreign Nationals (for Mehrangarh fort)": "250", 
      "per person Indians (for Mehrangarh fort)": "20"
    }, 
    "timings": "9:00 AM - 5:00 PM"
  }, 
  "moti mahal": {
    "days-of-week": "All days of the week", 
    "name": "moti mahal", 
    "prices": {
      "per person Foreign Nationals (Mehrangarh fort entry fee)": "250", 
      "per person Indians (Mehrangarh fort entry fee)": "20"
    }, 
    "timings": "9:00 AM - 5:00 PM"
  }, 
  "mutha mandir": {
    "name": "mutha mandir"
  }, 
  "naini ji mandir": {
    "name": "naini ji mandir"
  }, 
  "nasarani cinema": {
    "name": "nasarani cinema"
  }, 
  "natho bagichi forest": {
    "name": "natho bagichi forest"
  }, 
  "nav durga mandir": {
    "name": "nav durga mandir"
  }, 
  "neelkanth mahadev mandir": {
    "name": "neelkanth mahadev mandir"
  }, 
  "neelkanth mahadev temple": {
    "name": "neelkanth mahadev temple"
  }, 
  "nehru park entry": {
    "name": "nehru park entry"
  }, 
  "nehru park exit": {
    "name": "nehru park exit"
  }, 
  "new kohinoor cinema": {
    "name": "new kohinoor cinema"
  }, 
  "nilkanth mahadev mandir": {
    "name": "nilkanth mahadev mandir"
  }, 
  "ns garden": {
    "name": "ns garden"
  }, 
  "open air theatre": {
    "name": "open air theatre"
  }, 
  "pal balaji mandir": {
    "name": "pal balaji mandir"
  }, 
  "panchdev shiv mandir": {
    "name": "panchdev shiv mandir"
  }, 
  "pancheshwar mahadev temple": {
    "name": "pancheshwar mahadev temple"
  }, 
  "pantheshwar mahadev temple": {
    "name": "pantheshwar mahadev temple"
  }, 
  "pentecostial misson church": {
    "name": "pentecostial misson church"
  }, 
  "phool mahal": {
    "days-of-week": "All days of the week", 
    "name": "phool mahal", 
    "prices": {
      "per person Foreign nationals (for Mehrangarh fort)": "250", 
      "per person Indians (for Mehrangarh fort)": "20"
    }, 
    "timings": "9:00 AM - 5:00 PM"
  }, 
  "pipaleshwar mahadev mandir": {
    "name": "pipaleshwar mahadev mandir"
  }, 
  "prachin shiv mandir": {
    "name": "prachin shiv mandir"
  }, 
  "pratapeswar temple": {
    "name": "pratapeswar temple"
  }, 
  "radha krishna mandir": {
    "name": "radha krishna mandir"
  }, 
  "radhe krishna mandir": {
    "name": "radhe krishna mandir"
  }, 
  "raghunath ji mandir": {
    "name": "raghunath ji mandir"
  }, 
  "ram mandir": {
    "name": "ram mandir"
  }, 
  "ramdev ji mandir": {
    "name": "ramdev ji mandir"
  }, 
  "ramdev mandir": {
    "name": "ramdev mandir"
  }, 
  "ranchhar ray mandir": {
    "name": "ranchhar ray mandir"
  }, 
  "ranchodji mandir": {
    "name": "ranchodji mandir"
  }, 
  "ratanada palace": {
    "name": "ratanada palace"
  }, 
  "ravna rajpur bagichi temple": {
    "name": "ravna rajpur bagichi temple"
  }, 
  "ravna rajpur mandir": {
    "name": "ravna rajpur mandir"
  }, 
  "sachiya mata temple": {
    "name": "sachiya mata temple"
  }, 
  "sai dham mandir": {
    "name": "sai dham mandir"
  }, 
  "santoshi mata mandir": {
    "name": "santoshi mata mandir"
  }, 
  "santoshi mata temple": {
    "name": "santoshi mata temple"
  }, 
  "sardar government museum": {
    "days-of-week": "All days of the week except Friday", 
    "name": "sardar government museum", 
    "prices": {
      "per person for foreigner tourists": "50", 
      "per person for indians": "5"
    }, 
    "timings": "10:00 AM - 5:00 PM"
  }, 
  "sardar samand lake": {
    "days-of-week": "All days of the week", 
    "name": "sardar samand lake", 
    "prices": {
      "no entry fee": "0"
    }, 
    "timings": "12:00 AM - 12:00 PM"
  }, 
  "satyam cineplex": {
    "name": "satyam cineplex"
  }, 
  "shani dev mandir": {
    "name": "shani dev mandir"
  }, 
  "shanidev mandir": {
    "name": "shanidev mandir"
  }, 
  "shiv ganesh mandir": {
    "name": "shiv ganesh mandir"
  }, 
  "shiv ji temple": {
    "name": "shiv ji temple"
  }, 
  "shiv krishna mandir": {
    "name": "shiv krishna mandir"
  }, 
  "shiv mandir": {
    "name": "shiv mandir"
  }, 
  "shiv shakti nagar vatchnalay maha mandir": {
    "name": "shiv shakti nagar vatchnalay maha mandir"
  }, 
  "shivdatta ji mahadev mandir": {
    "name": "shivdatta ji mahadev mandir"
  }, 
  "shri 1008 bala sati mata bird centurion": {
    "name": "shri 1008 bala sati mata bird centurion"
  }, 
  "shri ajanand mandir": {
    "name": "shri ajanand mandir"
  }, 
  "shri ashapura mata bala ji mandir": {
    "name": "shri ashapura mata bala ji mandir"
  }, 
  "shri bala sati mata mandir": {
    "name": "shri bala sati mata mandir"
  }, 
  "shri balaji mandir": {
    "name": "shri balaji mandir"
  }, 
  "shri bhumiya ji mandir": {
    "name": "shri bhumiya ji mandir"
  }, 
  "shri chamunda mandir": {
    "name": "shri chamunda mandir"
  }, 
  "shri chamunda mata mandir": {
    "name": "shri chamunda mata mandir"
  }, 
  "shri dariyavji ka mandir": {
    "name": "shri dariyavji ka mandir"
  }, 
  "shri ganesh mandir": {
    "name": "shri ganesh mandir"
  }, 
  "shri hanuman mandir": {
    "name": "shri hanuman mandir"
  }, 
  "shri ikshapurn balaji mandir": {
    "name": "shri ikshapurn balaji mandir"
  }, 
  "shri juna kherapati hanuman mandir": {
    "name": "shri juna kherapati hanuman mandir"
  }, 
  "shri kali badi": {
    "name": "shri kali badi"
  }, 
  "shri krishana mandir": {
    "name": "shri krishana mandir"
  }, 
  "shri krishna mandir": {
    "name": "shri krishna mandir"
  }, 
  "shri lakshmi narayan mandir": {
    "name": "shri lakshmi narayan mandir"
  }, 
  "shri maha kaleshwar mahadev mandir": {
    "name": "shri maha kaleshwar mahadev mandir"
  }, 
  "shri mansapuran balaji mandir": {
    "name": "shri mansapuran balaji mandir"
  }, 
  "shri meldhi mata ji mandir": {
    "name": "shri meldhi mata ji mandir"
  }, 
  "shri nag dadasa dadisa mandir": {
    "name": "shri nag dadasa dadisa mandir"
  }, 
  "shri narvadeshwar mandir": {
    "name": "shri narvadeshwar mandir"
  }, 
  "shri om panch kailashseshwar mahadev mandir and maa durga anant bhawani mandir": {
    "name": "shri om panch kailashseshwar mahadev mandir and maa durga anant bhawani mandir"
  }, 
  "shri pal balaji mandir": {
    "name": "shri pal balaji mandir"
  }, 
  "shri pipleshwer mahadev mandir": {
    "name": "shri pipleshwer mahadev mandir"
  }, 
  "shri radha kirishna mandir": {
    "name": "shri radha kirishna mandir"
  }, 
  "shri rajaji ranchhor mandir": {
    "name": "shri rajaji ranchhor mandir"
  }, 
  "shri ram hanuman mandir": {
    "name": "shri ram hanuman mandir"
  }, 
  "shri ram mandir": {
    "name": "shri ram mandir"
  }, 
  "shri ramdev ji mandir": {
    "name": "shri ramdev ji mandir"
  }, 
  "shri rameshwar mahadev mandir": {
    "name": "shri rameshwar mahadev mandir"
  }, 
  "shri ridhi sidhi ganesh darbar": {
    "name": "shri ridhi sidhi ganesh darbar"
  }, 
  "shri satya narayan bhagwan mandir": {
    "name": "shri satya narayan bhagwan mandir"
  }, 
  "shri sidhi vinayak mandir": {
    "name": "shri sidhi vinayak mandir"
  }, 
  "shri somnath mahadev mandir": {
    "name": "shri somnath mahadev mandir"
  }, 
  "shri vaneshwar mahadev mandir": {
    "name": "shri vaneshwar mahadev mandir"
  }, 
  "shri veer teja mandir": {
    "name": "shri veer teja mandir"
  }, 
  "shrine of the three hundred million gods": {
    "name": "shrine of the three hundred million gods"
  }, 
  "shyam manohar temple": {
    "name": "shyam manohar temple"
  }, 
  "siddheshwar mahadev mandir": {
    "name": "siddheshwar mahadev mandir"
  }, 
  "sindu mahadev mandir": {
    "name": "sindu mahadev mandir"
  }, 
  "sommer ville memorial church jodhpur": {
    "name": "sommer ville memorial church jodhpur"
  }, 
  "soor sagar": {
    "name": "soor sagar"
  }, 
  "sri balaji temple": {
    "name": "sri balaji temple"
  }, 
  "sri chamunda mata mandir": {
    "name": "sri chamunda mata mandir"
  }, 
  "sri ganesh mandir": {
    "name": "sri ganesh mandir"
  }, 
  "sri hanuman mandir": {
    "name": "sri hanuman mandir"
  }, 
  "sri jagdamba mandir": {
    "name": "sri jagdamba mandir"
  }, 
  "sri jai babari": {
    "name": "sri jai babari"
  }, 
  "sri ram dwara": {
    "name": "sri ram dwara"
  }, 
  "sri sangeshwar shiv mandir": {
    "name": "sri sangeshwar shiv mandir"
  }, 
  "sri sidheshwar ganesh mandir": {
    "name": "sri sidheshwar ganesh mandir"
  }, 
  "sri udashin ashram mandir": {
    "name": "sri udashin ashram mandir"
  }, 
  "sri veer tej singh mandir": {
    "name": "sri veer tej singh mandir"
  }, 
  "st andrews hall church": {
    "name": "st andrews hall church"
  }, 
  "st sebastians church": {
    "name": "st sebastians church"
  }, 
  "st the resa catholic child church": {
    "name": "st the resa catholic child church"
  }, 
  "stadium cinema hall": {
    "name": "stadium cinema hall"
  }, 
  "suganeshwar mahadev mandir": {
    "name": "suganeshwar mahadev mandir"
  }, 
  "suraj garden": {
    "name": "suraj garden"
  }, 
  "suswani mata temple": {
    "name": "suswani mata temple"
  }, 
  "swami vivekanand park": {
    "name": "swami vivekanand park"
  }, 
  "takhat sagar lake": {
    "name": "takhat sagar lake"
  }, 
  "teeja mata ka mandir": {
    "name": "teeja mata ka mandir"
  }, 
  "tejaji mandir": {
    "name": "tejaji mandir"
  }, 
  "thakur ji mandir": {
    "name": "thakur ji mandir"
  }, 
  "udai mandir": {
    "days-of-week": "All days of the week", 
    "name": "udai mandir", 
    "prices": {
      "no entry fee": "0"
    }, 
    "timings": "9:00 AM - 3:00 PM"
  }, 
  "umaid bhawan palace": {
    "days-of-week": "All days of the week", 
    "name": "umaid bhawan palace", 
    "prices": {
      "per person for Indians": "15", 
      "per person for foreign tourists": "50"
    }, 
    "timings": "9:00 AM - 5:00 PM"
  }, 
  "umaid bhawan palace museum": {
    "days-of-week": "All days of the week", 
    "name": "umaid bhawan palace museum", 
    "prices": {
      "per person for children 5-11 years": "10", 
      "per person for foreigner tourists": "100", 
      "per person for indians": "30"
    }, 
    "timings": "10:00 AM - 4:30 PM"
  }, 
  "umaid garden": {
    "name": "umaid garden"
  }, 
  "umaid sagar": {
    "name": "umaid sagar"
  }, 
  "umaid talab": {
    "name": "umaid talab"
  }, 
  "upkeshwarji temple": {
    "name": "upkeshwarji temple"
  }, 
  "vishwakarma mandir": {
    "name": "vishwakarma mandir"
  }, 
  "zenana mahal": {
    "days-of-week": "All days of the week", 
    "name": "zenana mahal", 
    "prices": {
      "per person": "400"
    }, 
    "timings": "9:00 AM - 5:00 PM"
  }
}