{
  "abdullah khan's tomb\t\t\t\t\t\t\t\t": {
    "days-of-week": "All days of the week", 
    "name": "abdullah khan's tomb\t\t\t\t\t\t\t\t", 
    "prices": {
      "no entry fee": "0"
    }, 
    "timings": "9:00 AM - 6:00 PM"
  }, 
  "adhai din ka jhonpra": {
    "name": "adhai din ka jhonpra", 
    "prices": {
      "no entry fee": "0"
    }
  }, 
  "agra gate": {
    "name": "agra gate"
  }, 
  "ajanta cinema": {
    "name": "ajanta cinema"
  }, 
  "ajmer fort": {
    "name": "ajmer fort"
  }, 
  "ajmer museum": {
    "name": "ajmer museum"
  }, 
  "akbar\u2019s palace and museum": {
    "days-of-week": "All days of the week", 
    "name": "akbar\u2019s palace and museum", 
    "prices": {
      "per person for Indians": "10", 
      "per person for foreign tourists": "50"
    }, 
    "timings": "10:00 AM - 5:00 PM"
  }, 
  "ana sagar lake": {
    "days-of-week": "All days of the week", 
    "name": "ana sagar lake", 
    "prices": {
      "per person for boating": "160"
    }, 
    "timings": "8:00 AM - 8:00 PM"
  }, 
  "anted ki mata mandir": {
    "days-of-week": "All days of the week", 
    "name": "anted ki mata mandir", 
    "prices": {
      "no entry fee": "0"
    }, 
    "timings": null
  }, 
  "baradari": {
    "name": "baradari"
  }, 
  "brahma temple": {
    "days-of-week": "All days of the week", 
    "name": "brahma temple", 
    "prices": {
      "No entry fee": "0"
    }, 
    "timings": null
  }, 
  "craft museum": {
    "name": "craft museum"
  }, 
  "dargah of khwaja muin-ud-din chishti": {
    "days-of-week": "All days of the week", 
    "name": "dargah of khwaja muin-ud-din chishti", 
    "prices": {
      "no entry fee": "0"
    }, 
    "timings": "Summers: 4:30 AM - 9:30 PM"
  }, 
  "delhi gate": {
    "name": "delhi gate"
  }, 
  "durga bagh gardens": {
    "days-of-week": "All days of the week", 
    "name": "durga bagh gardens", 
    "prices": {
      "no entry fee": "0"
    }, 
    "timings": "9:00 AM - 6:00 PM"
  }, 
  "glitz cine world": {
    "days-of-week": "All days of the week", 
    "name": "glitz cine world", 
    "prices": {
      "per person": "100"
    }, 
    "timings": "9:45 AM - 9:30 PM"
  }, 
  "jawahar rangmanch": {
    "name": "jawahar rangmanch"
  }, 
  "kishangarh": {
    "name": "kishangarh"
  }, 
  "lake foy sagar": {
    "days-of-week": "All days of the week", 
    "name": "lake foy sagar", 
    "prices": {
      "no entry fee": "0"
    }, 
    "timings": "6:00 AM - 7:00 PM"
  }, 
  "maharaja daharsen smarak": {
    "name": "maharaja daharsen smarak"
  }, 
  "maya mandir cinema": {
    "name": "maya mandir cinema"
  }, 
  "mayo college museum": {
    "name": "mayo college museum"
  }, 
  "mridang cinema": {
    "name": "mridang cinema"
  }, 
  "nakkarkhana": {
    "days-of-week": "All days of the week", 
    "name": "nakkarkhana", 
    "prices": {
      "no entry fee": "0"
    }, 
    "timings": "9:00 AM - 6:00 PM"
  }, 
  "nareli tirth": {
    "days-of-week": "All days of the week", 
    "name": "nareli tirth", 
    "prices": {
      "no entry fee": "0", 
      "per bus entry fee only for buses": "200"
    }, 
    "timings": "7:00 AM - 7:00 PM"
  }, 
  "new majestic cinema hall": {
    "days-of-week": "All days of the week", 
    "name": "new majestic cinema hall", 
    "timings": "10:00 AM - 11:30 PM"
  }, 
  "open air amphi theatre": {
    "name": "open air amphi theatre"
  }, 
  "pataleshwar temple": {
    "days-of-week": "All days of the week", 
    "name": "pataleshwar temple", 
    "prices": {
      "no entry fee": "0"
    }, 
    "timings": "5:00 AM - 8:00 PM"
  }, 
  "plaza cinema": {
    "name": "plaza cinema"
  }, 
  "rajiv smriti van": {
    "name": "rajiv smriti van"
  }, 
  "rowing lake": {
    "name": "rowing lake"
  }, 
  "savitri temple": {
    "days-of-week": "All days of the week", 
    "name": "savitri temple", 
    "prices": {
      "no entry fee": "0"
    }, 
    "timings": null
  }, 
  "school museum of art and natural history": {
    "name": "school museum of art and natural history"
  }, 
  "shree talkies": {
    "name": "shree talkies"
  }, 
  "shri rangnath swami temple": {
    "name": "shri rangnath swami temple"
  }, 
  "soni ji ki nasiyan": {
    "days-of-week": "All days of the week", 
    "name": "soni ji ki nasiyan", 
    "prices": {
      "per person for Indians": "10", 
      "per person for foreign tourists": "25"
    }, 
    "timings": "9:00 AM - 4:00 PM"
  }, 
  "taragarh fort": {
    "days-of-week": "All days of the week", 
    "name": "taragarh fort", 
    "prices": {
      "no entry fee": "0"
    }, 
    "timings": "9:00 AM - 6:30 PM"
  }, 
  "taran taal": {
    "name": "taran taal"
  }, 
  "usari gate": {
    "name": "usari gate"
  }, 
  "varaha temple": {
    "name": "varaha temple"
  }, 
  "war memorial": {
    "name": "war memorial"
  }
}