{
  "abhaneri step well": {
    "days-of-week": "All days of the week", 
    "name": "abhaneri step well", 
    "prices": {
      "no entry fee": "0"
    }, 
    "timings": "10:00 AM - 5:00 PM"
  }, 
  "ag church": {
    "name": "ag church"
  }, 
  "agape fellowship church": {
    "name": "agape fellowship church"
  }, 
  "ajmera garden": {
    "name": "ajmera garden", 
    "prices": {}
  }, 
  "ajmeri gate": {
    "name": "ajmeri gate", 
    "prices": {
      "No Entry Fees": "0"
    }
  }, 
  "akbar kos minar": {
    "name": "akbar kos minar", 
    "prices": {}
  }, 
  "akshardham temple": {
    "days-of-week": "All days of the week except Monday", 
    "name": "akshardham temple", 
    "timings": "10:30 AM - 6:00 PM"
  }, 
  "albert hall museum": {
    "days-of-week": "All days of the week", 
    "name": "albert hall museum", 
    "prices": {
      "per person for Indian student": "10", 
      "per person for Indian visitor": "20", 
      "per person for Overseas student": "75", 
      "per person for Overseas visitor": "150"
    }, 
    "timings": "9:00 AM - 5:00 PM "
  }, 
  "alice garg national seashell museum": {
    "days-of-week": "All days of the week except Thursday", 
    "name": "alice garg national seashell museum", 
    "prices": {
      "per person Foreign Tourists": "100", 
      "per person Indian": "30"
    }, 
    "timings": null
  }, 
  "alka cinema": {
    "name": "alka cinema"
  }, 
  "amar jawan jyoti": {
    "name": "amar jawan jyoti", 
    "prices": {}
  }, 
  "amba mata mandir": {
    "name": "amba mata mandir"
  }, 
  "ambagarh reserve forest": {
    "name": "ambagarh reserve forest", 
    "prices": {}
  }, 
  "amber fort": {
    "days-of-week": "All days of the week", 
    "name": "amber fort", 
    "prices": {
      "per person for Indian students": "10", 
      "per person for Indians": "100", 
      "per person for foreign students": "100", 
      "per person for foreign tourists": "500"
    }, 
    "timings": "8:00 AM - 6:00 PM"
  }, 
  "ambikeshwar mahadev mandir": {
    "name": "ambikeshwar mahadev mandir"
  }, 
  "amer mavtha": {
    "name": "amer mavtha", 
    "prices": {}
  }, 
  "amer park": {
    "name": "amer park"
  }, 
  "amer rf narayangarh rf mahabali": {
    "name": "amer rf narayangarh rf mahabali"
  }, 
  "ankur cinema": {
    "days-of-week": "All days of the week", 
    "name": "ankur cinema", 
    "prices": {
      "per person": "50"
    }, 
    "timings": "8:00 AM - 1:00 AM"
  }, 
  "annat devji mandir": {
    "name": "annat devji mandir"
  }, 
  "anokhi museum of hand printing": {
    "days-of-week": "Sun", 
    "name": "anokhi museum of hand printing", 
    "prices": {
      "per camcorder": "150", 
      "per person for adults": "30", 
      "per person for children": "15", 
      "per person for students": "20", 
      "per still camera": "50"
    }, 
    "timings": "11:00 AM - 4:30 PM"
  }, 
  "aradhana sthal temple": {
    "name": "aradhana sthal temple"
  }, 
  "art cottage and museum": {
    "name": "art cottage and museum"
  }, 
  "artchill gallery": {
    "days-of-week": "All days of the week", 
    "name": "artchill gallery", 
    "timings": "8:30 AM - 6:30 AM"
  }, 
  "arya nagar temple": {
    "name": "arya nagar temple"
  }, 
  "asha ram puram mahadev mandir": {
    "name": "asha ram puram mahadev mandir"
  }, 
  "ashutosh mahadev mandir": {
    "name": "ashutosh mahadev mandir"
  }, 
  "astbhuja temple": {
    "name": "astbhuja temple"
  }, 
  "ayyappa temple": {
    "days-of-week": "All days of the week", 
    "name": "ayyappa temple", 
    "timings": null
  }, 
  "b m birla auditorium": {
    "days-of-week": "All days of the week", 
    "name": "b m birla auditorium", 
    "prices": {
      "per person": "40"
    }, 
    "timings": "10:00 AM - 7:00 PM (timings of complex)"
  }, 
  "badal mahal": {
    "name": "badal mahal"
  }, 
  "badaran temple": {
    "name": "badaran temple"
  }, 
  "badri nath mandir": {
    "days-of-week": "All days of the week", 
    "name": "badri nath mandir", 
    "timings": null
  }, 
  "baggi khana": {
    "days-of-week": "All days of the week", 
    "name": "baggi khana", 
    "prices": {
      "Per Person Foreign Adult": "300", 
      "per person Foreign Child (5-12yrs)": "200", 
      "per person Indian Adult": "75", 
      "per person Indian Child (5-12yrs)": "40"
    }, 
    "timings": "9:30 AM - 6:00 PM"
  }, 
  "baglamukhi sadhna kendra": {
    "name": "baglamukhi sadhna kendra"
  }, 
  "bal nath mandir": {
    "name": "bal nath mandir"
  }, 
  "balmikeshver mandir": {
    "name": "balmikeshver mandir"
  }, 
  "baps shri swaminarayan mandir": {
    "days-of-week": "All days of the week", 
    "name": "baps shri swaminarayan mandir", 
    "prices": {}, 
    "timings": null
  }, 
  "baradiwale babaji temple": {
    "name": "baradiwale babaji temple"
  }, 
  "bhagwan jagdish temple": {
    "name": "bhagwan jagdish temple"
  }, 
  "bhagwan vishnu mandir": {
    "name": "bhagwan vishnu mandir"
  }, 
  "bhawani mataji mandir": {
    "name": "bhawani mataji mandir"
  }, 
  "bheru jee ka mandir": {
    "name": "bheru jee ka mandir"
  }, 
  "bheru ji mandir": {
    "name": "bheru ji mandir"
  }, 
  "bheru temple": {
    "name": "bheru temple"
  }, 
  "bhumiya mata temple": {
    "name": "bhumiya mata temple"
  }, 
  "bhuteshwar mahadev temple": {
    "days-of-week": "All days of the week", 
    "name": "bhuteshwar mahadev temple", 
    "timings": "12:00 AM - 11:59 PM"
  }, 
  "big cinemas cinestar": {
    "name": "big cinemas cinestar"
  }, 
  "big cinemas galaxy": {
    "days-of-week": "All days of the week", 
    "name": "big cinemas galaxy", 
    "prices": {
      "per person": "70"
    }, 
    "timings": "9:30 AM - 1:00 AM"
  }, 
  "biradraj temple": {
    "name": "biradraj temple"
  }, 
  "birla mandir": {
    "days-of-week": "All days of the week", 
    "name": "birla mandir", 
    "prices": {
      "Free": "0"
    }, 
    "timings": null
  }, 
  "birla temple": {
    "name": "birla temple"
  }, 
  "biyarji mandir": {
    "name": "biyarji mandir"
  }, 
  "brethren church": {
    "name": "brethren church"
  }, 
  "brij nidhi mandir": {
    "days-of-week": "All days of the week", 
    "name": "brij nidhi mandir", 
    "timings": null
  }, 
  "brijraj bihari temple": {
    "name": "brijraj bihari temple"
  }, 
  "calvary bible church": {
    "name": "calvary bible church", 
    "prices": {}
  }, 
  "catholic church": {
    "name": "catholic church", 
    "prices": {}
  }, 
  "cenotaphs of the maharanis of jaipur": {
    "days-of-week": "All days of the week", 
    "name": "cenotaphs of the maharanis of jaipur", 
    "prices": {
      "per person for Foreigners": "30", 
      "per person for Indian Citizens": "10"
    }, 
    "timings": "9:00 AM - 4:30 PM"
  }, 
  "central park": {
    "days-of-week": "All days of the week", 
    "name": "central park", 
    "prices": {
      "": "0"
    }, 
    "timings": "4:00 AM - 11:00 PM"
  }, 
  "chahal art gallery": {
    "name": "chahal art gallery"
  }, 
  "chakrapani ayurveda clinic and research centre": {
    "days-of-week": "All days of the week except Sunday", 
    "name": "chakrapani ayurveda clinic and research centre", 
    "prices": {
      "per person onwards": "500"
    }, 
    "timings": "9:00 AM - 8:00 PM"
  }, 
  "chamtkareshwar hanuman temple": {
    "name": "chamtkareshwar hanuman temple"
  }, 
  "chamtkareshwer mahadev mandir": {
    "name": "chamtkareshwer mahadev mandir"
  }, 
  "chandra mahal": {
    "days-of-week": "All days of the week", 
    "name": "chandra mahal", 
    "prices": {
      "per person Foreign Adult": "300", 
      "per person Foreign Child (5-12 yrs)": "200", 
      "per person Indian Adult": "75", 
      "per person Indian Child (5-12 yrs)": "40"
    }, 
    "timings": "9:30 AM - 6:00 PM"
  }, 
  "char darwaja": {
    "name": "char darwaja"
  }, 
  "charak ayurveda centre": {
    "days-of-week": "All days of the week", 
    "name": "charak ayurveda centre", 
    "prices": {
      "per person onwards": "500"
    }, 
    "timings": "10:00 AM - 7:30 PM"
  }, 
  "charan mandir": {
    "name": "charan mandir"
  }, 
  "charbhuja mandir": {
    "name": "charbhuja mandir"
  }, 
  "chintaharan hanuman mandir": {
    "name": "chintaharan hanuman mandir"
  }, 
  "chokhi dhani village": {
    "days-of-week": "All days of the week", 
    "name": "chokhi dhani village", 
    "prices": {
      "per child for children (2'5\" ft to 3'5\" ft)": "350", 
      "per person for adults": "600"
    }, 
    "timings": "5:00 PM - 11:00 PM"
  }, 
  "church of god": {
    "name": "church of god"
  }, 
  "city palace": {
    "days-of-week": "All days of the week", 
    "name": "city palace", 
    "prices": {
      "per person for Child": "40", 
      "per person for Indians": "75", 
      "per person for foreign tourists": "300"
    }, 
    "timings": "9:30 AM - 5:00 PM"
  }, 
  "dadavadi mandir": {
    "name": "dadavadi mandir"
  }, 
  "dakshin mukhi balaji hanuman mandir": {
    "name": "dakshin mukhi balaji hanuman mandir"
  }, 
  "dev narayan mandir": {
    "name": "dev narayan mandir"
  }, 
  "dev narayan temple": {
    "name": "dev narayan temple"
  }, 
  "devdi temple": {
    "days-of-week": "All days of the week", 
    "name": "devdi temple", 
    "timings": null
  }, 
  "diwan-e-aam": {
    "days-of-week": "All days of the week", 
    "name": "diwan-e-aam", 
    "prices": {
      "per person Adults": "40", 
      "per person Children": "25", 
      "per person Foreigner": "300"
    }, 
    "timings": "9:30 AM - 6:00 PM"
  }, 
  "diwan-e-am": {
    "days-of-week": "All days of the week", 
    "name": "diwan-e-am", 
    "timings": "9:30 AM - 6:00 PM"
  }, 
  "diwan-e-khas": {
    "name": "diwan-e-khas", 
    "prices": {
      "per person For Foreign Torusits": "300", 
      "per person For Indians": "75"
    }
  }, 
  "dolls museum": {
    "name": "dolls museum", 
    "prices": {
      "per person For Foreign Tourists": "150", 
      "per person For Indians": "20"
    }
  }, 
  "durga mandir": {
    "name": "durga mandir"
  }, 
  "durga mata mandir": {
    "name": "durga mata mandir"
  }, 
  "durga mata temple": {
    "name": "durga mata temple"
  }, 
  "durga temple": {
    "name": "durga temple"
  }, 
  "dwarkas jewellers": {
    "days-of-week": "All days of the week except Sunday", 
    "name": "dwarkas jewellers", 
    "timings": "9:30 AM - 7:30 PM"
  }, 
  "elefantastic elephant farm": {
    "name": "elefantastic elephant farm", 
    "prices": {
      "Foreigner (Child under 4 years)": "0", 
      "Indian (Child under 4 years)": "0", 
      "per person-In Summers Foreigner (Adult)": "5,100", 
      "per person-In Summers Foreigner (Child under 12 years)": "2,550", 
      "per person-In Summers Indian (Adult)": "3,500", 
      "per person-In Summers Indian (Child under 12 years)": "1,750", 
      "per person-In Winters Foreigner (Adult)": "4,000", 
      "per person-In Winters Foreigner (Child under 12 years)": "2,000", 
      "per person-In Winters Indian (Adult)": "3,000", 
      "per person-In Winters Indian (Child under 12 years)": "1,500"
    }
  }, 
  "elefun-enjoy with elephants": {
    "days-of-week": "All days of the week", 
    "name": "elefun-enjoy with elephants", 
    "prices": {
      "per person to spend the entire day with elephants": "4,500"
    }, 
    "timings": "10:30 AM - 7:00 PM"
  }, 
  "entertainment paradise": {
    "days-of-week": "All days of the week", 
    "name": "entertainment paradise", 
    "prices": {
      "per person": "200"
    }, 
    "timings": "9:00 AM - 12:00 AM"
  }, 
  "era": {
    "name": "era"
  }, 
  "fine art palace": {
    "days-of-week": "All days of the week except Sunday", 
    "name": "fine art palace", 
    "prices": {
      "no entry fee": "0"
    }, 
    "timings": "11:00 AM - 9:00 PM"
  }, 
  "first india news": {
    "name": "first india news"
  }, 
  "full gospel church,jaipur": {
    "days-of-week": "Sat", 
    "name": "full gospel church,jaipur", 
    "timings": "9:30 AM - 11:00 AM"
  }, 
  "fun cinema": {
    "name": "fun cinema"
  }, 
  "gaitore ki chhatriyan": {
    "name": "gaitore ki chhatriyan", 
    "prices": {}
  }, 
  "galtaji temple": {
    "days-of-week": "All days of the week", 
    "name": "galtaji temple", 
    "timings": "5:00 AM  - 9:00 PM"
  }, 
  "ganesh and shiv temple": {
    "name": "ganesh and shiv temple"
  }, 
  "ganesh mandir": {
    "name": "ganesh mandir"
  }, 
  "ganesh pol gateway": {
    "days-of-week": "All days of the week", 
    "name": "ganesh pol gateway", 
    "prices": {
      "per person for Foriegners": "110", 
      "per person for Indians": "35"
    }, 
    "timings": "9:00 AM - 4:30 PM"
  }, 
  "ganga mata mandir": {
    "name": "ganga mata mandir"
  }, 
  "gangapol gate": {
    "name": "gangapol gate"
  }, 
  "garh ganesh mandir": {
    "days-of-week": "All days of the week", 
    "name": "garh ganesh mandir", 
    "timings": null
  }, 
  "gauri shankar mandir": {
    "name": "gauri shankar mandir"
  }, 
  "gayatri chan mandir": {
    "name": "gayatri chan mandir"
  }, 
  "gayatri kala mandir": {
    "name": "gayatri kala mandir"
  }, 
  "geeta mandir": {
    "name": "geeta mandir"
  }, 
  "gem cinema": {
    "name": "gem cinema"
  }, 
  "ghat gate": {
    "name": "ghat gate", 
    "prices": {}
  }, 
  "gheewalon ka raasta": {
    "name": "gheewalon ka raasta"
  }, 
  "girdharji mandir": {
    "name": "girdharji mandir"
  }, 
  "golcha cinema": {
    "name": "golcha cinema", 
    "prices": {
      "per person": "120"
    }
  }, 
  "gopal dev ji temple": {
    "days-of-week": "All days of the week", 
    "name": "gopal dev ji temple", 
    "timings": "5:00 AM - 9:00 PM"
  }, 
  "gopeshwar mahadev mandir": {
    "name": "gopeshwar mahadev mandir", 
    "prices": {}
  }, 
  "goverdhan temple": {
    "name": "goverdhan temple"
  }, 
  "govind devji temple": {
    "days-of-week": "All days of the week", 
    "name": "govind devji temple", 
    "prices": {
      "no entry fee": "0"
    }, 
    "timings": null
  }, 
  "guru maharaj mandir": {
    "name": "guru maharaj mandir"
  }, 
  "gyara rudra mahadev mandir": {
    "name": "gyara rudra mahadev mandir"
  }, 
  "hansh vihar mandir": {
    "name": "hansh vihar mandir"
  }, 
  "hanuman mandir": {
    "name": "hanuman mandir"
  }, 
  "hanuman temple": {
    "name": "hanuman temple"
  }, 
  "hanumanji mandir": {
    "name": "hanumanji mandir"
  }, 
  "hanumanji temple": {
    "name": "hanumanji temple"
  }, 
  "hari mandir": {
    "name": "hari mandir"
  }, 
  "hawa mahal": {
    "days-of-week": "All days of the week", 
    "name": "hawa mahal", 
    "prices": {
      "per person for Foreign Tourists": "200", 
      "per person for Indians": "50"
    }, 
    "timings": "9:00 AM - 5:30 PM"
  }, 
  "hinglaj mata mandir": {
    "name": "hinglaj mata mandir"
  }, 
  "ica gallery": {
    "days-of-week": "All days of the week", 
    "name": "ica gallery", 
    "timings": "10:00 AM - 6:00 PM"
  }, 
  "inox": {
    "days-of-week": "All days of the week", 
    "name": "inox", 
    "timings": "9:30 AM - till late (Depending upon the show)"
  }, 
  "inox multiplex": {
    "days-of-week": "All days of the week", 
    "name": "inox multiplex", 
    "timings": "9:30 AM - till late (Depending upon the show)"
  }, 
  "ishwar lat": {
    "name": "ishwar lat", 
    "prices": {
      "per person for adults": "20"
    }
  }, 
  "iswari minar swarga sal": {
    "days-of-week": "All days of the week", 
    "name": "iswari minar swarga sal", 
    "prices": {}, 
    "timings": "9:00 AM - 4:30 PM"
  }, 
  "jagdish mandir": {
    "days-of-week": "All days of the week", 
    "name": "jagdish mandir", 
    "timings": "6:00 AM - 8:00 PM"
  }, 
  "jai hanuman mandir": {
    "name": "jai hanuman mandir"
  }, 
  "jai niwas garden": {
    "days-of-week": "All days of the week", 
    "name": "jai niwas garden", 
    "timings": "9:30 AM - 4:45 PM"
  }, 
  "jaigarh fort": {
    "days-of-week": "All days of the week", 
    "name": "jaigarh fort", 
    "prices": {
      "per person for Indians": "35", 
      "per person for foreign tourists": "85"
    }, 
    "timings": "9:00 AM - 4:30 PM"
  }, 
  "jain mandir": {
    "name": "jain mandir"
  }, 
  "jain mandir sanganer": {
    "days-of-week": "All days of the week", 
    "name": "jain mandir sanganer", 
    "prices": {}, 
    "timings": "6:00 AM - 10:00 PM"
  }, 
  "jaivana cannon": {
    "name": "jaivana cannon", 
    "prices": {}
  }, 
  "jal mahal": {
    "days-of-week": "All days of the week", 
    "name": "jal mahal", 
    "prices": {
      "per person for foreigners": "50", 
      "per person for indians": "10"
    }, 
    "timings": "9:00 AM - 5:00 PM"
  }, 
  "jamwai mata temple": {
    "name": "jamwai mata temple"
  }, 
  "janaki balaji mandir": {
    "name": "janaki balaji mandir"
  }, 
  "jangleshwar ji temple": {
    "name": "jangleshwar ji temple"
  }, 
  "jantar mantar": {
    "days-of-week": "All days of the week", 
    "name": "jantar mantar", 
    "prices": {
      "per person for Indians": "40", 
      "per person for foreign tourists": "200", 
      "per person for students": "15", 
      "per person or foreign students": "100"
    }, 
    "timings": "9:00 AM - 5:00 PM"
  }, 
  "jawahar circle": {
    "days-of-week": "All days of the week", 
    "name": "jawahar circle", 
    "prices": {
      "per person for foreign tourists": "20", 
      "per person for indians": "10"
    }, 
    "timings": null
  }, 
  "jawahar kala kendra": {
    "days-of-week": "All days of the week", 
    "name": "jawahar kala kendra", 
    "prices": {
      "no entry fee": "0"
    }, 
    "timings": "10:00 AM - 5:00 PM"
  }, 
  "jhalana nature park (nahagarh biological park)": {
    "days-of-week": "Mon, Tue, Wed, Thu, Fri", 
    "name": "jhalana nature park (nahagarh biological park)", 
    "timings": "9:00 AM - 5:00 PM"
  }, 
  "jhalana park": {
    "name": "jhalana park"
  }, 
  "jharkhand mahadev temple": {
    "name": "jharkhand mahadev temple"
  }, 
  "jhulelal mandir": {
    "name": "jhulelal mandir"
  }, 
  "jhulelal temple": {
    "name": "jhulelal temple"
  }, 
  "jogeshwari mahadev mandir": {
    "name": "jogeshwari mahadev mandir"
  }, 
  "jorawar singh gate": {
    "days-of-week": "All days of the week", 
    "name": "jorawar singh gate", 
    "prices": {}, 
    "timings": "12:00 AM - 11:59 PM"
  }, 
  "juneja art gallery": {
    "days-of-week": "All days of the week", 
    "name": "juneja art gallery", 
    "timings": "10:00 AM - 8:00 PM"
  }, 
  "jwala mata temple": {
    "days-of-week": "All days of the week", 
    "name": "jwala mata temple", 
    "timings": "6:00 AM - 8:00 PM"
  }, 
  "kaal bhairav temple": {
    "days-of-week": "All days of the week", 
    "name": "kaal bhairav temple", 
    "timings": "9:00 AM - 4:30 PM"
  }, 
  "kaila devi mata mandir": {
    "days-of-week": "All days of the week", 
    "name": "kaila devi mata mandir", 
    "timings": null
  }, 
  "kalaneri art gallery": {
    "days-of-week": "All days of the week", 
    "name": "kalaneri art gallery", 
    "timings": "7:00 AM - 8:30 PM"
  }, 
  "kale hanumanji ka mandir": {
    "days-of-week": "All days of the week", 
    "name": "kale hanumanji ka mandir", 
    "timings": "5:00 AM - 9:00 PM"
  }, 
  "kali mata mandir": {
    "name": "kali mata mandir"
  }, 
  "kanak bihari temple": {
    "name": "kanak bihari temple"
  }, 
  "kanak vrindavan garden": {
    "days-of-week": "All days of the week", 
    "name": "kanak vrindavan garden", 
    "prices": {}, 
    "timings": "8:00 AM - 5:00 PM"
  }, 
  "kanak vrindavan mahal": {
    "days-of-week": "All days of the week", 
    "name": "kanak vrindavan mahal", 
    "timings": null
  }, 
  "kanchan art gallery": {
    "days-of-week": "All days of the week", 
    "name": "kanchan art gallery", 
    "prices": {
      "no entry fee": "0"
    }, 
    "timings": "11:00 AM - 7:00 PM"
  }, 
  "kesar kyari bagh": {
    "name": "kesar kyari bagh"
  }, 
  "khajane walon ka rasta": {
    "days-of-week": "All days of the week", 
    "name": "khajane walon ka rasta", 
    "timings": "10:00 AM - 8:00 PM"
  }, 
  "khatu shyam mandir": {
    "name": "khatu shyam mandir"
  }, 
  "khole ke hanuman ji": {
    "days-of-week": "All days of the week", 
    "name": "khole ke hanuman ji", 
    "timings": "6:00 AM - 8:30 PM"
  }, 
  "kohinoor cinema": {
    "name": "kohinoor cinema", 
    "prices": {
      "per person": "50", 
      "per person On Tuesday": "150"
    }
  }, 
  "krishna mandir": {
    "name": "krishna mandir"
  }, 
  "krishna temple": {
    "name": "krishna temple"
  }, 
  "lakshmi mandir theatre": {
    "name": "lakshmi mandir theatre"
  }, 
  "lata cinema": {
    "days-of-week": "All days of the week", 
    "name": "lata cinema", 
    "prices": {
      "per person": "60"
    }, 
    "timings": "10:30 AM - 12:00 AM"
  }, 
  "laxmi narayan temple": {
    "name": "laxmi narayan temple"
  }, 
  "laxminath mandir": {
    "name": "laxminath mandir"
  }, 
  "lord shiva temple": {
    "name": "lord shiva temple"
  }, 
  "madho behariji temple": {
    "days-of-week": "All days of the week", 
    "name": "madho behariji temple", 
    "timings": "4:00 AM - 8:00 PM"
  }, 
  "maha savitri mandir": {
    "name": "maha savitri mandir"
  }, 
  "mahadev mandir": {
    "name": "mahadev mandir"
  }, 
  "mahadev temple": {
    "name": "mahadev temple"
  }, 
  "mahakal mahadev mandir": {
    "name": "mahakal mahadev mandir"
  }, 
  "maharani palace": {
    "name": "maharani palace"
  }, 
  "mandir shree baldev ji": {
    "days-of-week": "All days of the week", 
    "name": "mandir shree baldev ji", 
    "timings": "12:00 AM - 12:00 AM"
  }, 
  "mandir shree chintaharan hanuman mandir": {
    "name": "mandir shree chintaharan hanuman mandir"
  }, 
  "mandir shree gopinathji": {
    "name": "mandir shree gopinathji"
  }, 
  "mandir shri dadu dwara": {
    "days-of-week": "All days of the week", 
    "name": "mandir shri dadu dwara", 
    "timings": null
  }, 
  "mandir shri rameshwar mahadev": {
    "name": "mandir shri rameshwar mahadev"
  }, 
  "mandir shri sita ram ji": {
    "name": "mandir shri sita ram ji"
  }, 
  "mandir shri tarkeshwar ji": {
    "days-of-week": "All days of the week", 
    "name": "mandir shri tarkeshwar ji", 
    "prices": {
      "no entry fee": "0"
    }, 
    "timings": "4:00 AM - 11:00 PM"
  }, 
  "mandir shri veer teja ji": {
    "days-of-week": "Mon, Tue, Wed, Thu, Fri", 
    "name": "mandir shri veer teja ji", 
    "timings": "6:00 AM - 10:00 PM"
  }, 
  "mangal ganesh temple": {
    "name": "mangal ganesh temple"
  }, 
  "mangla mata temple": {
    "name": "mangla mata temple"
  }, 
  "mangleshwar mahadev mandir": {
    "days-of-week": "All days of the week", 
    "name": "mangleshwar mahadev mandir", 
    "timings": null
  }, 
  "mani mahal": {
    "name": "mani mahal"
  }, 
  "mansagar lake": {
    "name": "mansagar lake"
  }, 
  "mansamata temple": {
    "name": "mansamata temple"
  }, 
  "marthoma church": {
    "days-of-week": "Sun", 
    "name": "marthoma church", 
    "timings": "8:30 PM - 11:00 AM"
  }, 
  "mata mandir": {
    "name": "mata mandir"
  }, 
  "mayank cinema": {
    "name": "mayank cinema"
  }, 
  "milan cinema": {
    "days-of-week": "All days of the week", 
    "name": "milan cinema", 
    "prices": {
      "per person": "50"
    }, 
    "timings": "9:30 AM - 12:00 AM"
  }, 
  "minerva cinema": {
    "name": "minerva cinema", 
    "prices": {
      "per person": "25"
    }
  }, 
  "mnit temple": {
    "name": "mnit temple"
  }, 
  "mor gregorius jacobite syrian church": {
    "name": "mor gregorius jacobite syrian church"
  }, 
  "moti dungri ganesh temple": {
    "days-of-week": "All days of the week", 
    "name": "moti dungri ganesh temple", 
    "prices": {
      "No entry fee": "0"
    }, 
    "timings": null
  }, 
  "mubarak mahal": {
    "days-of-week": "All days of the week", 
    "name": "mubarak mahal", 
    "prices": {
      "per person For Foreign Tourists": "300", 
      "per person For Indians": "75"
    }, 
    "timings": "9:30 AM - 5:00 PM"
  }, 
  "mukteshwar mahadev mandir": {
    "days-of-week": "All days of the week", 
    "name": "mukteshwar mahadev mandir", 
    "timings": "4:00 AM - 10:30 PM"
  }, 
  "murlimanohar mandir": {
    "days-of-week": "All days of the week", 
    "name": "murlimanohar mandir", 
    "timings": "4:00 AM - 8:00 PM"
  }, 
  "nahargarh fort": {
    "days-of-week": "All days of the week", 
    "name": "nahargarh fort", 
    "prices": {
      "per person for Foreign students": "25", 
      "per person for Indian students": "5", 
      "per person for Indians": "20", 
      "per person for foreign tourists": "50"
    }, 
    "timings": "10:00 AM - 5:30 PM"
  }, 
  "naila art gallery": {
    "name": "naila art gallery"
  }, 
  "nand mahal": {
    "name": "nand mahal"
  }, 
  "narsingh temple": {
    "name": "narsingh temple"
  }, 
  "neelkanth mahadev mandir": {
    "name": "neelkanth mahadev mandir"
  }, 
  "nehru bal udyan": {
    "days-of-week": "All days of the week", 
    "name": "nehru bal udyan", 
    "prices": {
      "no entry fee": "0"
    }, 
    "timings": "6:00 AM - 6:30 PM"
  }, 
  "new life fellowship church": {
    "days-of-week": "All days of the week except Sunday", 
    "name": "new life fellowship church", 
    "timings": "10:00 AM - 6:00 PM"
  }, 
  "nidhi art gallery": {
    "days-of-week": "All days of the week", 
    "name": "nidhi art gallery", 
    "timings": "9:00 AM - 9:00 PM"
  }, 
  "om chandreshwar mahadev mandir": {
    "name": "om chandreshwar mahadev mandir"
  }, 
  "om shiv hanuman mandir": {
    "name": "om shiv hanuman mandir"
  }, 
  "om shiv mandir": {
    "name": "om shiv mandir"
  }, 
  "panchmukhi hanumanji temple": {
    "name": "panchmukhi hanumanji temple"
  }, 
  "panna meena ka kund": {
    "name": "panna meena ka kund", 
    "prices": {
      "No entry fee": "0"
    }
  }, 
  "param hans dham": {
    "days-of-week": "All days of the week", 
    "name": "param hans dham", 
    "timings": "7:00 AM - 8:00 PM"
  }, 
  "paras cinema": {
    "days-of-week": "All days of the week except Sunday", 
    "name": "paras cinema", 
    "timings": "9:00 AM - 9:00 PM"
  }, 
  "peacock gate": {
    "days-of-week": "All days of the week", 
    "name": "peacock gate", 
    "prices": {
      "per person for Foriegners": "300", 
      "per person for Indians": "75"
    }, 
    "timings": "9:00 AM - 5:00 PM"
  }, 
  "pentecostal mission society's church": {
    "days-of-week": "All days of the week except Sunday", 
    "name": "pentecostal mission society's church", 
    "timings": null
  }, 
  "pinkcity cinema": {
    "name": "pinkcity cinema"
  }, 
  "pitam niwas chowk": {
    "name": "pitam niwas chowk"
  }, 
  "polo victory cinema hall": {
    "days-of-week": "All days of the week", 
    "name": "polo victory cinema hall", 
    "timings": "11:00 AM - 9:30 PM"
  }, 
  "prachin hanuman temple": {
    "name": "prachin hanuman temple"
  }, 
  "purple edutainment pvt ltd": {
    "days-of-week": "All days of the week", 
    "name": "purple edutainment pvt ltd", 
    "prices": {
      "per person": "200"
    }, 
    "timings": "9:30 AM - 11:30 PM"
  }, 
  "radha damodar temple": {
    "name": "radha damodar temple"
  }, 
  "radha govind mandir": {
    "name": "radha govind mandir"
  }, 
  "radha krishna mandir": {
    "name": "radha krishna mandir"
  }, 
  "raj lalit kala academy art gallery": {
    "name": "raj lalit kala academy art gallery"
  }, 
  "raj mandir cinema": {
    "days-of-week": "All days of the week", 
    "name": "raj mandir cinema", 
    "prices": {
      "per person": "100"
    }, 
    "timings": "12:30 PM - 9:30PM"
  }, 
  "ram ganj chaupar": {
    "name": "ram ganj chaupar"
  }, 
  "ram hanuman mandir": {
    "name": "ram hanuman mandir"
  }, 
  "ram mandir": {
    "name": "ram mandir"
  }, 
  "ram niwas garden": {
    "days-of-week": "All days of the week except Tuesday", 
    "name": "ram niwas garden", 
    "prices": {
      "per person Foreigners": "100", 
      "per person Indians": "10"
    }, 
    "timings": null
  }, 
  "ram raghav mandir ashram": {
    "days-of-week": "All days of the week", 
    "name": "ram raghav mandir ashram", 
    "timings": "12:00 AM - 12:00 AM"
  }, 
  "ram sita mandir": {
    "name": "ram sita mandir"
  }, 
  "ramdev mandir": {
    "name": "ramdev mandir"
  }, 
  "ramgarh lake": {
    "days-of-week": "All days of the week", 
    "name": "ramgarh lake", 
    "timings": "7:00 AM - 7:00 PM"
  }, 
  "ravindra rang manch": {
    "name": "ravindra rang manch"
  }, 
  "ridhi sidhi pol": {
    "name": "ridhi sidhi pol"
  }, 
  "roman catholic church": {
    "name": "roman catholic church"
  }, 
  "royal gaitor tumbas": {
    "days-of-week": "All days of the week", 
    "name": "royal gaitor tumbas", 
    "prices": {
      "per person for adults": "30"
    }, 
    "timings": "10:00 AM - 5:30 PM"
  }, 
  "royal rajasthan art gallery": {
    "name": "royal rajasthan art gallery"
  }, 
  "rusirani village": {
    "name": "rusirani village", 
    "prices": {
      "No entry fee": "0"
    }
  }, 
  "safed mandir": {
    "name": "safed mandir"
  }, 
  "sai baba mandir": {
    "name": "sai baba mandir"
  }, 
  "sai temple": {
    "name": "sai temple"
  }, 
  "samanvai": {
    "days-of-week": "Mon, Tue, Wed, Thu, Fri", 
    "name": "samanvai", 
    "timings": "11:00 AM - 5:00 PM"
  }, 
  "samrat cinema": {
    "name": "samrat cinema"
  }, 
  "sangam cinema": {
    "name": "sangam cinema"
  }, 
  "sanganeri gate": {
    "name": "sanganeri gate"
  }, 
  "sankat mochan hanuman mandir": {
    "name": "sankat mochan hanuman mandir"
  }, 
  "santoshi mata mandir": {
    "name": "santoshi mata mandir"
  }, 
  "sargasuli tower": {
    "days-of-week": "All days of the week", 
    "name": "sargasuli tower", 
    "prices": {
      "per person": "70"
    }, 
    "timings": "9:30 AM - 4:00 PM"
  }, 
  "saroj cinema hall": {
    "name": "saroj cinema hall"
  }, 
  "satyanarayan mandir": {
    "name": "satyanarayan mandir"
  }, 
  "sawai mansingh stadium": {
    "days-of-week": "All days of the week", 
    "name": "sawai mansingh stadium", 
    "prices": {
      "According to the match": "0"
    }, 
    "timings": "12:00 AM - 12:00 AM (According to the match)"
  }, 
  "science park": {
    "days-of-week": "All days of the week except Monday", 
    "name": "science park", 
    "prices": {
      "per person for adults": "20", 
      "per person for minimum 10 student group": "10", 
      "per person for students": "15"
    }, 
    "timings": null
  }, 
  "sda church": {
    "days-of-week": "Fri", 
    "name": "sda church", 
    "timings": "6:30 PM - 8:00 PM"
  }, 
  "shaheed bhagat singh park": {
    "name": "shaheed bhagat singh park"
  }, 
  "shaheed smarak": {
    "name": "shaheed smarak"
  }, 
  "shani dev mandir": {
    "name": "shani dev mandir"
  }, 
  "shani mandir": {
    "name": "shani mandir"
  }, 
  "shanidev mandir": {
    "name": "shanidev mandir"
  }, 
  "shitla devi mandir": {
    "days-of-week": "All days of the week", 
    "name": "shitla devi mandir", 
    "timings": null
  }, 
  "shiv and hanuman temple": {
    "name": "shiv and hanuman temple"
  }, 
  "shiv gyan mandir": {
    "name": "shiv gyan mandir"
  }, 
  "shiv hanuman mandir": {
    "name": "shiv hanuman mandir"
  }, 
  "shiv hanuman temple": {
    "name": "shiv hanuman temple"
  }, 
  "shiv mandir": {
    "name": "shiv mandir"
  }, 
  "shiv shankar temple": {
    "name": "shiv shankar temple"
  }, 
  "shiv temple": {
    "name": "shiv temple"
  }, 
  "shiv temple tagore nagar": {
    "name": "shiv temple tagore nagar", 
    "prices": {}
  }, 
  "shree bheru nath ji ka mandir": {
    "name": "shree bheru nath ji ka mandir"
  }, 
  "shree chamunda mata mandir": {
    "name": "shree chamunda mata mandir"
  }, 
  "shree ganesh dham": {
    "name": "shree ganesh dham", 
    "prices": {}
  }, 
  "shree gopinath mandir": {
    "name": "shree gopinath mandir"
  }, 
  "shree kamleshwar mahadev mandir": {
    "name": "shree kamleshwar mahadev mandir"
  }, 
  "shree krishna parnami mandir": {
    "days-of-week": "All days of the week except Sunday", 
    "name": "shree krishna parnami mandir", 
    "timings": "10:00 AM - 9:00 PM"
  }, 
  "shree lal hanuman mandir": {
    "name": "shree lal hanuman mandir", 
    "prices": {}
  }, 
  "shree mahakaleshwar mahadev mandir": {
    "name": "shree mahakaleshwar mahadev mandir"
  }, 
  "shree mahaveer digambar jain temple": {
    "name": "shree mahaveer digambar jain temple"
  }, 
  "shree maheshwar mandir": {
    "name": "shree maheshwar mandir"
  }, 
  "shree radha krishan mandir": {
    "name": "shree radha krishan mandir"
  }, 
  "shree ram shiv mandir": {
    "name": "shree ram shiv mandir"
  }, 
  "shree shani dev mandir": {
    "name": "shree shani dev mandir"
  }, 
  "shree shiridi sai mandir": {
    "name": "shree shiridi sai mandir"
  }, 
  "shree shiv shakthi temple": {
    "name": "shree shiv shakthi temple"
  }, 
  "shri 1008 shri bhomiya ji maharaj mandir": {
    "name": "shri 1008 shri bhomiya ji maharaj mandir"
  }, 
  "shri badrinath mandir": {
    "name": "shri badrinath mandir"
  }, 
  "shri digamber jain temple": {
    "days-of-week": "All days of the week", 
    "name": "shri digamber jain temple", 
    "timings": "4:00 AM - 6:00 PM"
  }, 
  "shri ghat balaji temple": {
    "name": "shri ghat balaji temple"
  }, 
  "shri jameshwar mandir": {
    "name": "shri jameshwar mandir"
  }, 
  "shri jhulelal mandir": {
    "name": "shri jhulelal mandir"
  }, 
  "shri krishna mandir": {
    "name": "shri krishna mandir"
  }, 
  "shri laxmi narayan mandir": {
    "name": "shri laxmi narayan mandir"
  }, 
  "shri maleshwar mandir": {
    "name": "shri maleshwar mandir"
  }, 
  "shri mangleshwar mahadev mandir": {
    "name": "shri mangleshwar mahadev mandir"
  }, 
  "shri ram chander ji mandir": {
    "name": "shri ram chander ji mandir"
  }, 
  "shri ram mandir": {
    "name": "shri ram mandir"
  }, 
  "shri sanjay sharma museum & research institute": {
    "days-of-week": "All days of the week", 
    "name": "shri sanjay sharma museum & research institute", 
    "timings": "10:00 AM - 5:00 PM"
  }, 
  "shri siddheshwar mahadev mandir": {
    "name": "shri siddheshwar mahadev mandir"
  }, 
  "shri tatkaleshwar shiv mandir": {
    "name": "shri tatkaleshwar shiv mandir"
  }, 
  "shri veer hanuman mandir": {
    "name": "shri veer hanuman mandir"
  }, 
  "shrinath art gallery": {
    "days-of-week": "All days of the week except Sunday", 
    "name": "shrinath art gallery", 
    "timings": "10:00 AM - 8:00 PM"
  }, 
  "siddheshwar mahadev mandir": {
    "name": "siddheshwar mahadev mandir"
  }, 
  "siddhi vinayak mandir": {
    "name": "siddhi vinayak mandir"
  }, 
  "siddhi vinayak temple": {
    "name": "siddhi vinayak temple"
  }, 
  "sisodia rani palace and garden": {
    "days-of-week": "All days of the week", 
    "name": "sisodia rani palace and garden", 
    "prices": {
      "per person": "10"
    }, 
    "timings": "8:00 AM - 6:00 PM"
  }, 
  "sky waltz cafe": {
    "days-of-week": "All days of the week", 
    "name": "sky waltz cafe", 
    "timings": "8:30 AM - 11:45 PM"
  }, 
  "smriti van": {
    "days-of-week": "All days of the week", 
    "name": "smriti van", 
    "timings": "5:00 AM - 6:00 PM"
  }, 
  "src museum of indology": {
    "days-of-week": "All days of the week", 
    "name": "src museum of indology", 
    "prices": {
      "per person for Foreigners": "100", 
      "per person for Indian Citizens": "20"
    }, 
    "timings": "10:00 AM - 5:00 PM"
  }, 
  "sri gyaneshwer maharaj mandir": {
    "name": "sri gyaneshwer maharaj mandir"
  }, 
  "sri manshapurn mahadev": {
    "name": "sri manshapurn mahadev"
  }, 
  "sri narayan guru mandir": {
    "name": "sri narayan guru mandir"
  }, 
  "sri ram jal mandir": {
    "name": "sri ram jal mandir"
  }, 
  "sri sankat mochan hanuman mandir": {
    "name": "sri sankat mochan hanuman mandir"
  }, 
  "sri shitala mata mandir": {
    "days-of-week": "All days of the week except Sunday", 
    "name": "sri shitala mata mandir", 
    "timings": "10:00 AM - 6:00 PM"
  }, 
  "st andrews church": {
    "days-of-week": "All days of the week", 
    "name": "st andrews church", 
    "timings": null
  }, 
  "st xaviers church": {
    "name": "st xaviers church"
  }, 
  "suraj devra mandir": {
    "name": "suraj devra mandir"
  }, 
  "surajpol gate": {
    "name": "surajpol gate"
  }, 
  "surya dev sarvajanik mandir": {
    "name": "surya dev sarvajanik mandir"
  }, 
  "surya mandir": {
    "days-of-week": "All days of the week", 
    "name": "surya mandir", 
    "timings": "5:00 AM - 5:30 PM"
  }, 
  "swami ganga das mandir": {
    "name": "swami ganga das mandir"
  }, 
  "takhat e shahi road": {
    "name": "takhat e shahi road"
  }, 
  "tarkeshwar mahadev temple": {
    "days-of-week": "All days of the week", 
    "name": "tarkeshwar mahadev temple", 
    "prices": {}, 
    "timings": "4:00 AM - 11:30 PM"
  }, 
  "tatkal bhairav mandir": {
    "name": "tatkal bhairav mandir"
  }, 
  "tatkaleshwar mahadev mandir": {
    "name": "tatkaleshwar mahadev mandir"
  }, 
  "teja ji maharaj's temple": {
    "name": "teja ji maharaj's temple"
  }, 
  "tejaji mandir": {
    "name": "tejaji mandir"
  }, 
  "thakur temple": {
    "name": "thakur temple"
  }, 
  "thakurji ka mandir": {
    "name": "thakurji ka mandir"
  }, 
  "the monkey temple": {
    "name": "the monkey temple", 
    "prices": {
      "Camera": "50", 
      "No entry fee": "0"
    }
  }, 
  "the statue circle": {
    "name": "the statue circle", 
    "prices": {
      "No entry fee": "0"
    }
  }, 
  "triloki nath temple": {
    "name": "triloki nath temple"
  }, 
  "tripolia gate": {
    "days-of-week": "All days of the week", 
    "name": "tripolia gate", 
    "prices": {
      "": "0"
    }, 
    "timings": "12:00 AM - 12:00 AM"
  }, 
  "vaishno devi mandir": {
    "name": "vaishno devi mandir"
  }, 
  "vidyadhar garden": {
    "days-of-week": "All days of the week", 
    "name": "vidyadhar garden", 
    "timings": "8:00 AM - 5:30 PM"
  }, 
  "village textile factory": {
    "name": "village textile factory", 
    "prices": {
      "No entry fee": "0"
    }
  }, 
  "zoological garden (jaipur zoo)": {
    "days-of-week": "All days of the week except Tuesday", 
    "name": "zoological garden (jaipur zoo)", 
    "prices": {
      "per person for Indians": "15", 
      "per person or foreign tourists": "150"
    }, 
    "timings": null
  }
}