[
  {
    "name": "hathi pole", 
    "prices": {}
  }, 
  {
    "days-of-week": "All days of the week", 
    "name": "speed boating at fateh sagar lake", 
    "prices": {
      "per person onwards": "200"
    }, 
    "timings": "8:00 AM - 4:30 PM"
  }, 
  {
    "name": "tibetan market", 
    "prices": {}
  }, 
  {
    "days-of-week": "All days of the week", 
    "name": "city palace", 
    "prices": {
      "per person for Indians & International tourists both": "250", 
      "per person for Indians & International tourists both (from 9 to 10 am)": "500", 
      "per person for children": "100"
    }, 
    "timings": "9:00 AM - 5:00 PM"
  }, 
  {
    "days-of-week": "All days of the week", 
    "name": "bagore ki haveli", 
    "prices": {
      " for camera": "100", 
      "per person": "25"
    }, 
    "timings": "10:00 AM - 5:30 PM"
  }, 
  {
    "days-of-week": "All days of the week", 
    "name": "pichola lake", 
    "prices": {
      "no entry fee": "0"
    }, 
    "timings": "9:00 AM - 6:00 PM"
  }, 
  {
    "name": "sadhna emporium ", 
    "prices": {}
  }, 
  {
    "days-of-week": "All days of the week", 
    "name": "vintage car museum", 
    "prices": {
      "per person for adults": "150", 
      "per person for children (5 to 12 years)": "95"
    }, 
    "timings": "09.00 AM - 08.00 PM"
  }, 
  {
    "name": "fateh sagar lake", 
    "prices": {
      "No entry fee": "0"
    }
  }, 
  {
    "days-of-week": "All days of the week", 
    "name": "saas bahu temple", 
    "prices": {
      "no entry fee": "0"
    }, 
    "timings": null
  }, 
  {
    "days-of-week": "All days of the week", 
    "name": "ahar cenotaphs", 
    "prices": {
      "no entry fee": "0"
    }, 
    "timings": "7:00 AM - 4:00 PM"
  }, 
  {
    "days-of-week": "All days of the week", 
    "name": "monsoon palace", 
    "timings": "9:30 AM - 6:30 PM"
  }, 
  {
    "days-of-week": "All days of the week", 
    "name": "ranakpur temple", 
    "prices": {
      "no entry fee": "0"
    }, 
    "timings": "7:00 AM - 7:00 PM"
  }, 
  {
    "days-of-week": "All days of the week", 
    "name": "saheliyon ki bari", 
    "prices": {
      "per person": "5"
    }, 
    "timings": "9:00 AM - 7:00 PM"
  }, 
  {
    "name": "karni mata temple", 
    "prices": {
      "No Entry Fee": "0"
    }
  }, 
  {
    "name": "gulab bagh", 
    "prices": {
      "per person for Adults": "25"
    }
  }, 
  {
    "name": "rajasmand lake", 
    "prices": {
      "No Entry Fee": "0"
    }
  }, 
  {
    "name": "jaisamand lake", 
    "prices": {
      "No Entry Fee": "0"
    }
  }, 
  {
    "name": "sukhadia circle", 
    "prices": {
      "No entry Fee": "0"
    }
  }, 
  {
    "days-of-week": "All days of the week", 
    "name": "kumbhalgarh fort", 
    "prices": {
      "per person for Indians": "10", 
      "per person for foreign tourists": "100"
    }, 
    "timings": "9:00 AM - 6:00 PM"
  }, 
  {
    "name": "udai sagar lake", 
    "prices": {
      "No Entry Fee": "0"
    }
  }, 
  {
    "days-of-week": "All days of the week", 
    "name": "crystal gallery", 
    "prices": {
      "per person Entry Fee (Children Between 5-12)": "370", 
      "per person Entry Fee (adult)": "580"
    }, 
    "timings": null
  }, 
  {
    "days-of-week": "All days of the week", 
    "name": "jagdish temple", 
    "prices": {
      "no entry fee": "0"
    }, 
    "timings": null
  }, 
  {
    "days-of-week": "All days of the week", 
    "name": "nehru garden (fateh sagar)", 
    "prices": {
      "per person For Indians": "15", 
      "per person for Foreigners": "60"
    }, 
    "timings": "9:00 AM - 6:00 PM"
  }, 
  {
    "name": "jag mandir island palace", 
    "prices": {
      "per person Adult (boat ride for 30 mins)": "225", 
      "per person Adult (boat ride for an hour)": "325", 
      "per person Child (boat ride for 30 mins)": "115", 
      "per person Child (boat ride for an hour)": "165"
    }
  }, 
  {
    "name": "swaroop sagar", 
    "prices": {}
  }, 
  {
    "days-of-week": "All days of the week", 
    "name": "our lady of fatima cathedral", 
    "prices": {}, 
    "timings": "7:30 AM - 7:30 PM"
  }, 
  {
    "days-of-week": "All days of the week", 
    "name": "shri balaji hanuman mandir", 
    "timings": "9:00 AM - 9:00 PM"
  }, 
  {
    "name": "moti magri", 
    "prices": {
      "per person Adult": "25", 
      "per person Autorickshaw": "10", 
      "per person Child": "15", 
      "per person Scooter": "5"
    }
  }, 
  {
    "name": "udaipur solar observatory"
  }, 
  {
    "name": "bohra ganesh ji temple"
  }, 
  {
    "days-of-week": "All days of the week except Friday", 
    "name": "government museum", 
    "timings": "9:30 AM - 5:00 PM"
  }, 
  {
    "name": "duddhtalaii and musical garden"
  }, 
  {
    "name": "doodh talai"
  }, 
  {
    "name": "lalit lakshmi vilas palace"
  }, 
  {
    "name": "arya samaj mandir"
  }, 
  {
    "name": "bal kalyag rai ji temple"
  }, 
  {
    "name": "durga temple"
  }, 
  {
    "name": "hanuman mandir"
  }, 
  {
    "name": "vijayeshwar mataji mandir"
  }, 
  {
    "name": "shri sanatan dharam mandir"
  }, 
  {
    "name": "hanuman mandir"
  }, 
  {
    "name": "shiv mandir"
  }, 
  {
    "name": "shri ratan garh hanuman mandir"
  }, 
  {
    "name": "bateshwer mahadev mandir"
  }, 
  {
    "name": "shri shri 108 lakshmi narayan mandir"
  }, 
  {
    "name": "shri lakshmi narayan mandir"
  }, 
  {
    "name": "shri bhawa ganesh mandir"
  }, 
  {
    "name": "mandir shri guru maharaj jarabdeshwer dashanam gouswami samaj"
  }, 
  {
    "name": "jyoteshwar mahadev temple"
  }, 
  {
    "name": "shri hathila hanumanji mandir"
  }, 
  {
    "name": "mankameshwer shiv mandir"
  }, 
  {
    "name": "sankat mochan hanuman mandir"
  }, 
  {
    "name": "shri asha pura mataji mandir"
  }, 
  {
    "name": "ram mandir"
  }, 
  {
    "name": "shri shani dev mandir"
  }, 
  {
    "name": "shri seeta mata mandir"
  }, 
  {
    "name": "bada alkari baba temple"
  }, 
  {
    "name": "nursingh bhagwan mandir"
  }, 
  {
    "name": "khakhal dev gau ayad mandir"
  }, 
  {
    "name": "shiv mandir pratap nagar"
  }, 
  {
    "name": "shri jharneshwar mahadev and shri veer dhaneshwar hanuman mandir"
  }, 
  {
    "name": "bhairo ji mandir"
  }, 
  {
    "name": "hanuman mandir"
  }, 
  {
    "name": "shiv mandir hanuman mandir"
  }, 
  {
    "name": "ram ji mandir"
  }, 
  {
    "name": "jal bruj mandir"
  }, 
  {
    "name": "sai baba mandir"
  }, 
  {
    "name": "bholenath mandir"
  }, 
  {
    "name": "shri nav durga mata ji mandir"
  }, 
  {
    "name": "shri char bhuja mandir"
  }, 
  {
    "name": "shri pataleshwar hanuman mandir"
  }, 
  {
    "name": "shitla mata mandir"
  }, 
  {
    "name": "shri prabhu shyam ji mandir"
  }, 
  {
    "name": "shri shri 1008 shri bharat singh ji babu ji bhaironath ji mandir"
  }, 
  {
    "name": "kajri art cottage showroom"
  }, 
  {
    "name": "maha rana museum"
  }, 
  {
    "name": "shri mehndipur bala ji temple"
  }, 
  {
    "name": "shri vaikunt dham shri mansha purn mahadev temple"
  }, 
  {
    "name": "shri veer shakti hanuman mandir"
  }, 
  {
    "name": "mahadev temple"
  }, 
  {
    "name": "amreshwar maha dev mandir"
  }, 
  {
    "name": "shri jaggi baba ji raj mandir"
  }, 
  {
    "name": "shri bala ji mandir"
  }, 
  {
    "name": "shri mansa purn mahadev mandir"
  }, 
  {
    "name": "rameshwar mahadev mandir"
  }, 
  {
    "name": "khera mata mandir"
  }, 
  {
    "name": "shri gotmeshwar mahadev mandir"
  }, 
  {
    "name": "shri mahadev mandir"
  }, 
  {
    "name": "shri kalka ji mandir"
  }, 
  {
    "name": "someshwar mahadev mandir"
  }, 
  {
    "name": "shri mela mata mandir baba sita ram ji ashram"
  }, 
  {
    "name": "nikhleshwar mahadev mandir"
  }, 
  {
    "name": "bhairav mahadev mandir"
  }, 
  {
    "name": "shri mansa purn hanuman mandir"
  }, 
  {
    "name": "melari mata mandir"
  }, 
  {
    "name": "psa provincial house"
  }, 
  {
    "name": "alakh narayan mandir"
  }, 
  {
    "name": "takhman 28 art centre"
  }, 
  {
    "name": "rokariya hanuman mandir"
  }, 
  {
    "name": "krishan gallery contemporary art works"
  }, 
  {
    "name": "jai ambey mata ji mandir"
  }, 
  {
    "name": "rajasthan penti council church filadelfiya fellowship church"
  }, 
  {
    "name": "maha rani garden"
  }, 
  {
    "name": "shri mahadev mandir"
  }, 
  {
    "name": "shri amriteshwer mahadev mandir"
  }, 
  {
    "name": "hati mati mataji mandir"
  }, 
  {
    "name": "sati mata mandir"
  }, 
  {
    "name": "fatehshwer mahadev mandir"
  }, 
  {
    "name": "shri data pati hanuman mandir"
  }, 
  {
    "name": "amba mata mandir"
  }, 
  {
    "name": "shri sidh hanumanji sidh bheshnath ji mandir"
  }, 
  {
    "name": "shri manshapurn hanuman ji mandir"
  }, 
  {
    "name": "shri satyeshwer mahadev mandir"
  }, 
  {
    "name": "suraj pol sun gate"
  }, 
  {
    "name": "nimach mata mandir"
  }, 
  {
    "name": "mohan mandir"
  }, 
  {
    "name": "shri vasupujyamaharaj mandir trust temple"
  }, 
  {
    "name": "shiv temple"
  }, 
  {
    "name": "maharana kumbha museum"
  }, 
  {
    "name": "mewar art gallery"
  }, 
  {
    "name": "shri motishwar mahadev temple"
  }, 
  {
    "name": "jodhpuriyaji temple"
  }, 
  {
    "name": "kalka mata mandir"
  }, 
  {
    "name": "malikajuna mahadev mandir"
  }, 
  {
    "name": "safari park sujjagarh"
  }, 
  {
    "name": "sri chandra prasad nath temple"
  }, 
  {
    "name": "sri jaggarnath mandir"
  }, 
  {
    "name": "durga mata mandir"
  }, 
  {
    "name": "sri pala ganesh mandir"
  }, 
  {
    "name": "sri someshwar hanuman mandir"
  }, 
  {
    "name": "sri hanuman mandir"
  }, 
  {
    "name": "hanuman mandir"
  }, 
  {
    "name": "dudhiya ganesh mandir"
  }, 
  {
    "name": "sri shiv mandir"
  }, 
  {
    "name": "ratan jal mandir"
  }, 
  {
    "name": "fateh balaji mandir"
  }, 
  {
    "name": "krishna vilas"
  }, 
  {
    "name": "sheesh mahal"
  }, 
  {
    "name": "rukmani art gallery"
  }, 
  {
    "name": "chini chitrashala"
  }, 
  {
    "name": "mandalaia ji bavaji ka mandir"
  }, 
  {
    "name": "ambamata temple"
  }, 
  {
    "name": "shiv temple"
  }, 
  {
    "name": "pratap nagar shiv mandir"
  }, 
  {
    "name": "pashupati nath temple"
  }, 
  {
    "name": "kishan lal ji bhopaji ka devra mandir"
  }, 
  {
    "name": "hazareshwar mahadev temple"
  }, 
  {
    "name": "avri mata ka mandir"
  }, 
  {
    "name": "zanana mahal"
  }, 
  {
    "name": "sita mata mandir"
  }, 
  {
    "name": "manji mandir"
  }, 
  {
    "name": "mahakaleshwar mandir"
  }, 
  {
    "name": "hast mata mandir"
  }, 
  {
    "name": "bara ramdwara"
  }, 
  {
    "name": "united church of northern india"
  }, 
  {
    "name": "satyam shivam sundaram garden"
  }, 
  {
    "name": "sukh sagar palace"
  }, 
  {
    "name": "pushkar guru pawan dham"
  }, 
  {
    "name": "guru gobind singh park"
  }, 
  {
    "name": "sanjay garden"
  }, 
  {
    "name": "arawali park"
  }, 
  {
    "name": "samon bagh garden"
  }, 
  {
    "name": "pratap museum"
  }, 
  {
    "name": "maharana pratap memorial"
  }, 
  {
    "name": "bharatiya lok kala mandal"
  }, 
  {
    "name": "samshergarh fort"
  }, 
  {
    "name": "swaroop tej bihari temple"
  }, 
  {
    "name": "sheetal nath maharaj mandir"
  }, 
  {
    "name": "neemach mata mandir"
  }, 
  {
    "name": "ram temple"
  }, 
  {
    "name": "delhi darwaza"
  }, 
  {
    "days-of-week": "All days of the week except Monday", 
    "name": "contemporary art gallery", 
    "timings": "12:00 PM - 6:00 PM"
  }, 
  {
    "name": "gaytri shakti peeth"
  }, 
  {
    "name": "sati mata mandir"
  }, 
  {
    "name": "bhim vilas"
  }, 
  {
    "name": "hanuman temple"
  }, 
  {
    "name": "hanuman mandir"
  }, 
  {
    "name": "ashapura mata ji mandir"
  }, 
  {
    "name": "rajiv gandhi garden"
  }, 
  {
    "name": "southern temple"
  }, 
  {
    "name": "radha krishna mandir"
  }, 
  {
    "name": "hanuman mandir"
  }, 
  {
    "name": "hanuman mandir"
  }, 
  {
    "name": "hanuman temple"
  }, 
  {
    "name": "gupteshwar mahadev temple"
  }, 
  {
    "name": "jawahar park"
  }, 
  {
    "name": "rajiv gandhi memorial park"
  }, 
  {
    "days-of-week": "All days of the week", 
    "name": "mahalaxmi mandir", 
    "timings": "7:00 AM - 11:00 AM"
  }, 
  {
    "name": "moti mahal"
  }, 
  {
    "name": "welcome garden"
  }, 
  {
    "name": "musical fountain"
  }, 
  {
    "name": "peacock courtyard"
  }, 
  {
    "name": "styarth prakash stup"
  }, 
  {
    "name": "machala magra hill"
  }, 
  {
    "name": "paras talkies"
  }, 
  {
    "name": "ashoka cinema"
  }, 
  {
    "name": "picture palace"
  }, 
  {
    "name": "swapnalok cinema"
  }, 
  {
    "name": "chetak cinema"
  }, 
  {
    "days-of-week": "All days of the week", 
    "name": "shakambari devi mandir", 
    "timings": "5:30 AM - 9:00 PM"
  }, 
  {
    "name": "haldi ghati"
  }
]