[
  {
    "name": "jungle safari at sariska national park", 
    "prices": {
      " per video camera": "400", 
      "per jeep All inclusive Safari for 6 people": "4,200", 
      "per person for Foreign Nationals": "470", 
      "per person for Indians": "80"
    }
  }, 
  {
    "days-of-week": "All days of the week", 
    "name": "sariska wildlife sanctuary", 
    "prices": {
      "per person Entry Fee for jeep for 6 Passengers": "2,650", 
      "per person Indian tourists": "80", 
      "per person International tourists": "470", 
      "per person Video camera": "400"
    }, 
    "timings": "6:00 AM - 4:00 PM"
  }, 
  {
    "days-of-week": "All days of the week", 
    "name": "siliserh lake", 
    "prices": {
      "no entry fee": "0"
    }, 
    "timings": "5:00 AM - 8:00 PM"
  }, 
  {
    "days-of-week": "All days of the week", 
    "name": "bhangarh fort", 
    "timings": "6:00 AM - 6:00 PM"
  }, 
  {
    "name": "vijay mandir mahal", 
    "prices": {}
  }, 
  {
    "days-of-week": "All days of the week", 
    "name": "bala quila", 
    "prices": {
      "no entry fee": "0"
    }, 
    "timings": "10:00 AM - 4:30 PM"
  }, 
  {
    "name": "company bagh", 
    "prices": {
      "no entry fee": "0"
    }
  }, 
  {
    "days-of-week": "All days of the week", 
    "name": "government museum", 
    "prices": {
      "per person Foreign Nationals": "10", 
      "per person Indians": "5"
    }, 
    "timings": "10:00 AM - 5:00 PM"
  }, 
  {
    "days-of-week": "All days of the week except Friday", 
    "name": "vinay vilas mahal", 
    "prices": {
      "per person (Museum entry fee)": "3"
    }, 
    "timings": "10:00 AM - 6:00 PM"
  }, 
  {
    "days-of-week": "All days of the week", 
    "name": "jagannath temple", 
    "prices": {}, 
    "timings": "7:00 AM - 8:30 PM"
  }, 
  {
    "name": "karni mata temple", 
    "prices": {
      "no entry fee": "0"
    }
  }, 
  {
    "name": "moosi maharani ki chhatri", 
    "prices": {}
  }, 
  {
    "name": "moti doongri"
  }, 
  {
    "days-of-week": "All days of the week except Monday", 
    "name": "city palace", 
    "prices": {
      "per person Indian": "5", 
      "per person foreigners": "50"
    }, 
    "timings": "10:00 AM - 5:00 PM"
  }, 
  {
    "days-of-week": "All days of the week", 
    "name": "pandupol hanuman temple", 
    "prices": {}, 
    "timings": "5:00 AM - 10:00 PM"
  }, 
  {
    "name": "bala qila", 
    "prices": {}
  }, 
  {
    "name": "bhartrihari temple"
  }, 
  {
    "name": "purjan vihar"
  }, 
  {
    "days-of-week": "All days of the week", 
    "name": "fateh jung ka gumbaj", 
    "prices": {}, 
    "timings": "9:00 AM - 5:00 PM"
  }, 
  {
    "name": "vinay vilas palace (rr college)"
  }, 
  {
    "name": "jai samand lake"
  }, 
  {
    "name": "jai pol"
  }, 
  {
    "name": "clock tower"
  }, 
  {
    "name": "tripolia"
  }, 
  {
    "name": "kishan kund"
  }, 
  {
    "name": "shiv hanuman temple"
  }, 
  {
    "name": "lal diggi"
  }, 
  {
    "name": "gopal cinema"
  }, 
  {
    "name": "ashoka talkies"
  }, 
  {
    "name": "bharat talkies"
  }
]