[
  {
    "name": "churu fort"
  }, 
  {
    "name": "pithano jodo"
  }, 
  {
    "name": "shree hanumagadhi balaji temple"
  }, 
  {
    "name": "ganga mata temple"
  }, 
  {
    "name": "ram temple"
  }, 
  {
    "name": "durga mandir"
  }, 
  {
    "name": "hanuman mandir"
  }, 
  {
    "name": "shyam mandir"
  }, 
  {
    "name": "shiv mandir"
  }, 
  {
    "name": "madan mohan mandir"
  }, 
  {
    "name": "shyam hanuman mandir"
  }, 
  {
    "name": "ramdevji temple"
  }, 
  {
    "name": "jeevan mata ka mandir"
  }, 
  {
    "name": "fresco painted havelies"
  }, 
  {
    "name": "babosa mandir"
  }, 
  {
    "name": "hanuman temple"
  }, 
  {
    "name": "vishwakarma mandir"
  }, 
  {
    "name": "hanuman mandir"
  }, 
  {
    "name": "ram mandir"
  }, 
  {
    "name": "devnarayan temple"
  }, 
  {
    "name": "open theatre"
  }, 
  {
    "name": "bado mandir"
  }, 
  {
    "name": "jhujhar mandir"
  }, 
  {
    "name": "pitarji ghasiramji mandir"
  }, 
  {
    "name": "surana ki haveli"
  }, 
  {
    "name": "kaliji ka mandir"
  }, 
  {
    "name": "panchmukhi hanuman mandir"
  }, 
  {
    "name": "swami gopaldasji mandir"
  }, 
  {
    "name": "shyam temple"
  }, 
  {
    "name": "ram temple"
  }, 
  {
    "name": "mata mandir"
  }, 
  {
    "days-of-week": "All days of the week", 
    "name": "mansadevi mandir", 
    "timings": "4:30 AM - 10:00 AM"
  }, 
  {
    "name": "ghanta ghar"
  }, 
  {
    "days-of-week": "All days of the week except Saturday", 
    "name": "gayatri mandir", 
    "timings": "4:00 AM - 9:30 PM"
  }, 
  {
    "days-of-week": "All days of the week", 
    "name": "shyam cinema", 
    "timings": "12:30 PM - 9:30 PM"
  }, 
  {
    "name": "alok cinema"
  }, 
  {
    "name": "godia chhatri "
  }, 
  {
    "name": "kanhaiyalal bagla haveli "
  }
]