[
  {
    "days-of-week": "All days of the week", 
    "name": "jaisalmer fort", 
    "prices": {
      " Camera Fee": "50", 
      " Video Camera": "100"
    }, 
    "timings": "12:00 AM - 12:00 PM"
  }, 
  {
    "name": "kuldhara village"
  }, 
  {
    "days-of-week": "All days of the week", 
    "name": "bada bagh", 
    "prices": {
      " per camcorder": "50", 
      " per still camera": "20", 
      "per person for Indians": "20", 
      "per person for foreign tourists": "50"
    }, 
    "timings": "8:00 AM - 6:00 PM"
  }, 
  {
    "days-of-week": "All days of the week except Friday", 
    "name": "government museum", 
    "prices": {
      "on Monday": "0", 
      "per person for Indians": "5", 
      "per person for Indians students": "2", 
      "per person for foreign student": "25", 
      "per person for foreign tourists": "50"
    }, 
    "timings": "10: 00 AM - 4:30 PM"
  }, 
  {
    "days-of-week": "All days of the week", 
    "name": "sam sand dunes", 
    "prices": {
      "no entry fee": "0"
    }, 
    "timings": "7:00 AM - 10:00 PM"
  }, 
  {
    "name": "patwon ki haveli", 
    "prices": {
      " per camcorder": "100", 
      " per still camera": "50", 
      "per person for Indians": "10", 
      "per person for foreign tourists": "50"
    }
  }, 
  {
    "days-of-week": "All days of the week", 
    "name": "tazia tower", 
    "prices": {
      "no entry fee": "0"
    }, 
    "timings": "8:00 AM - 6:00 PM"
  }, 
  {
    "days-of-week": "All days of the week", 
    "name": "gadisar lake", 
    "prices": {
      "no entry fee": "0"
    }, 
    "timings": "12:00 AM - 12:00 PM"
  }, 
  {
    "days-of-week": "All days of the week", 
    "name": "vyas chhatri", 
    "prices": {
      "no entry fee": "0"
    }, 
    "timings": "8:00 AM - 7:30 PM"
  }, 
  {
    "days-of-week": "All days of the week", 
    "name": "khaba fort", 
    "timings": "12:00 AM - 12:00 PM"
  }, 
  {
    "days-of-week": "All days of the week", 
    "name": "salim singh-ki haveli", 
    "prices": {
      " per camcorder": "100", 
      " per still camera": "50", 
      "per person for Indians": "10", 
      "per person or foreign tourists": "15"
    }, 
    "timings": "8:00 AM - 6:00 PM"
  }, 
  {
    "days-of-week": "All days of the week", 
    "name": "silk route art gallery", 
    "prices": {
      "No entry fee": "0"
    }, 
    "timings": "7:00 AM - 8:00 PM"
  }, 
  {
    "days-of-week": "All days of the week", 
    "name": "jain temples", 
    "prices": {
      " per camcorder": "100", 
      " per still camera": "50", 
      "for Indians": "0", 
      "per person for foreign tourists": "10"
    }, 
    "timings": "8:00 AM - 12:00 PM"
  }, 
  {
    "days-of-week": "All days of the week", 
    "name": "jaisalmer folkfore museum", 
    "prices": {
      " per camcorder": "50", 
      " per still camera": "20", 
      "per person for adults": "20"
    }, 
    "timings": "8:00 AM - 6:00 PM"
  }, 
  {
    "days-of-week": "All days of the week", 
    "name": "thar heritage museum", 
    "prices": {
      " per person": "40"
    }, 
    "timings": "9:00 AM - 8:00 PM"
  }, 
  {
    "days-of-week": "Mon, Tue, Wed, Thu, Fri", 
    "name": "desert cultural museum", 
    "prices": {
      "per person for Indians": "35"
    }, 
    "timings": null
  }, 
  {
    "days-of-week": "All days of the week", 
    "name": "gyan bhandar", 
    "timings": "8:00 AM - 9:00 PM"
  }, 
  {
    "name": "khuri"
  }, 
  {
    "name": "mool sagar"
  }, 
  {
    "days-of-week": "All days of the week", 
    "name": "akal wood fossil park", 
    "prices": {
      "per person for Car parking": "10", 
      "per person for Foreign Nationals": "20", 
      "per person for Indians": "5"
    }, 
    "timings": "9:00 AM - 6:00 PM"
  }, 
  {
    "days-of-week": "All days of the week", 
    "name": "nathmal ki haveli", 
    "prices": {
      "No Entry Fee": "0"
    }, 
    "timings": "8:00 AM - 7:00 PM"
  }, 
  {
    "name": "desert safari experts jaisalmer"
  }, 
  {
    "name": "filadelfia church"
  }, 
  {
    "name": "alif desert safari"
  }, 
  {
    "name": "filadelfia church"
  }
]