[
  {
    "name": "bhatner fort"
  }, 
  {
    "name": "baba ramdev mandir"
  }, 
  {
    "name": "rose garden"
  }, 
  {
    "name": "hanuman mandir"
  }, 
  {
    "name": "durga mandir"
  }, 
  {
    "name": "maa durga mandir"
  }, 
  {
    "name": "mata ka mandir"
  }, 
  {
    "name": "hanuman mandir"
  }, 
  {
    "name": "shyam mandir"
  }, 
  {
    "name": "punchmukhi balaji mandir"
  }, 
  {
    "name": "shree laxminarayan mandir"
  }, 
  {
    "name": "yog maya mandir"
  }, 
  {
    "name": "hanuman mandir"
  }, 
  {
    "name": "shiv mandir"
  }, 
  {
    "name": "prachin hanuman mandir"
  }, 
  {
    "name": "prachin shiv mandir"
  }, 
  {
    "name": "sila peer mata mandir"
  }, 
  {
    "name": "hanuman mandir"
  }, 
  {
    "name": "ashish cinema"
  }, 
  {
    "name": "anand cinema"
  }, 
  {
    "name": "dinar cinema"
  }, 
  {
    "name": "vijay cinema"
  }, 
  {
    "name": "kalibanga museum"
  }, 
  {
    "name": "kalloor fort "
  }
]