[
  {
    "days-of-week": "All days of the week", 
    "name": "talwas fort", 
    "timings": "8:30 AM - 4:30 PM"
  }, 
  {
    "name": "chitrashala"
  }, 
  {
    "name": "raniji-ki-baori"
  }, 
  {
    "name": "nawal sagar lake"
  }, 
  {
    "name": "cave paintings"
  }, 
  {
    "name": "garh palace"
  }, 
  {
    "name": "taragarh fort"
  }, 
  {
    "name": "chhattar mahal"
  }, 
  {
    "name": "the bundi palace"
  }, 
  {
    "name": "dugari"
  }, 
  {
    "name": "sukh mahal"
  }, 
  {
    "name": "jait sagar"
  }, 
  {
    "name": "chaurasi khambon ki chhatri"
  }, 
  {
    "name": "moti mahal"
  }, 
  {
    "name": "nagar sagar"
  }, 
  {
    "name": "rani ji ki badi"
  }, 
  {
    "name": "ranjit talkies"
  }
]