[
  {
    "name": "chittorgarh fort", 
    "prices": {
      "per person for Indians": "10", 
      "per person for foreign tourists": "100"
    }
  }, 
  {
    "name": "vijay stambha", 
    "prices": {
      "no entry fee": "0"
    }
  }, 
  {
    "name": "kirti stambh (tower of fame )", 
    "prices": {
      "no entry fee": "0"
    }
  }, 
  {
    "name": "meera temple", 
    "prices": {
      "no entry fee": "0"
    }
  }, 
  {
    "days-of-week": "All days of the week", 
    "name": "bassi wildlife sanctuary ", 
    "prices": {
      " for Vehicles": "65", 
      "per person": "2"
    }, 
    "timings": "6:30 AM - 5:00 PM"
  }, 
  {
    "days-of-week": "All days of the week", 
    "name": "sanwariyaji temple", 
    "prices": {
      "No entry fee": "0"
    }, 
    "timings": null
  }, 
  {
    "name": "padmini's palace", 
    "prices": {
      "no entry fee": "0"
    }
  }, 
  {
    "name": "rana kumbha palace", 
    "prices": {
      "no entry fee": "0"
    }
  }, 
  {
    "name": "gaumukh reservoir ", 
    "prices": {
      "no entry fee": "0"
    }
  }, 
  {
    "days-of-week": "All days of the week except Friday", 
    "name": "fateh prakash palace museum", 
    "prices": {
      "per person": "2"
    }, 
    "timings": "10:00 AM - 4:30 PM"
  }, 
  {
    "days-of-week": "All days of the week", 
    "name": "ranakpur temple", 
    "prices": {
      "no entry fee": "0"
    }, 
    "timings": "7:00 AM - 7:00 PM"
  }, 
  {
    "name": "vijaya stambh (victory tower)"
  }, 
  {
    "name": "tulja bhawani temple "
  }, 
  {
    "name": "kalika mata temple "
  }, 
  {
    "name": "naulakha bhandar"
  }, 
  {
    "name": "fatta haveli"
  }, 
  {
    "name": "ma lal bai phul bai"
  }, 
  {
    "name": "chittorgarh"
  }
]