[
  {
    "name": "dungarpur fort"
  }, 
  {
    "name": "sabela lake"
  }, 
  {
    "name": "dhaneshwar mahadev mandir"
  }, 
  {
    "name": "bijay raj rajeshwar mandir"
  }, 
  {
    "name": "mahakal mandir"
  }, 
  {
    "name": "badal mahal"
  }, 
  {
    "name": "sai baba mandir"
  }, 
  {
    "name": "mataji temple"
  }, 
  {
    "name": "juna mahal"
  }, 
  {
    "name": "gaib sagar lake"
  }, 
  {
    "name": "juna mahal "
  }, 
  {
    "name": "gaib sagar lake "
  }, 
  {
    "name": "deo somnath temple "
  }
]