[
  {
    "name": "sai temple"
  }, 
  {
    "name": "dwarka nath temple"
  }, 
  {
    "name": "st paul church"
  }, 
  {
    "name": "samay mata mandir"
  }, 
  {
    "name": "kalaji temple"
  }, 
  {
    "name": "sharansthan church"
  }, 
  {
    "name": "ram temple"
  }, 
  {
    "name": "sai mandir"
  }, 
  {
    "name": "shirdhi sai baba mandir"
  }, 
  {
    "name": "shankarji math"
  }, 
  {
    "name": "shyama prasad mukherji rang manch"
  }, 
  {
    "name": "bharav chowk mandir"
  }, 
  {
    "name": "guru meharaj chetri nagars temple"
  }, 
  {
    "name": "shri sidhi vinayak temple"
  }, 
  {
    "name": "bajrang bali mandir"
  }, 
  {
    "name": "shri raj mandir"
  }, 
  {
    "name": "vindya vasini temple"
  }, 
  {
    "name": "vaneshwer temple"
  }, 
  {
    "name": "teli samaj mandir"
  }, 
  {
    "days-of-week": "Mon, Tue, Wed, Thu, Fri", 
    "name": "sindhi temple", 
    "timings": "8:00 AM - 2:30 PM"
  }, 
  {
    "name": "shri kalyanji gatrod mandir"
  }, 
  {
    "name": "shree shiv hanuman mandir"
  }, 
  {
    "name": "shree ayyapa temple"
  }, 
  {
    "name": "shani dev temple"
  }, 
  {
    "name": "rseb colony mandir"
  }, 
  {
    "name": "police line temple"
  }, 
  {
    "name": "mahadev mandir"
  }, 
  {
    "name": "madareshwar temple"
  }, 
  {
    "name": "khodiyar mata mandir"
  }, 
  {
    "name": "trinetra beravji mandir"
  }, 
  {
    "name": "hatkeshwar mandir"
  }, 
  {
    "name": "hanuman temple"
  }, 
  {
    "name": "hanuman mandir"
  }, 
  {
    "name": "dehra temple"
  }, 
  {
    "name": "bhandaria mandir"
  }, 
  {
    "name": "bajrang bali temple"
  }, 
  {
    "name": "amba mata mandir"
  }, 
  {
    "name": "kalika math"
  }, 
  {
    "name": "vrindavan cinema"
  }, 
  {
    "name": "virangnaa theatre"
  }, 
  {
    "name": "vinod cinema"
  }, 
  {
    "name": "dialab lake"
  }, 
  {
    "name": "kagdi picnic place"
  }, 
  {
    "name": "kagdi picnic place"
  }, 
  {
    "name": "shri raj arts gallery"
  }, 
  {
    "name": "shree tripura sundari temple "
  }, 
  {
    "name": "dialab lake "
  }
]