[
  {
    "days-of-week": "All days of the week", 
    "name": "dilwara temples", 
    "prices": {
      "No entry fee": "0"
    }, 
    "timings": "12:00 PM - 5:00 PM"
  }, 
  {
    "days-of-week": "All days of the week", 
    "name": "nakki lake", 
    "prices": {
      "No entry fee": "0"
    }, 
    "timings": "8:00 AM - 6:00 PM"
  }, 
  {
    "days-of-week": "All days of the week", 
    "name": "peace park", 
    "prices": {
      "No entry fee": "0"
    }, 
    "timings": "8:00 AM - 7:00 PM"
  }, 
  {
    "days-of-week": "All days of the week", 
    "name": "luna vasahi temple", 
    "prices": {
      "No entry fee": "0"
    }, 
    "timings": "12:00 PM - 3:00 PM"
  }, 
  {
    "days-of-week": "All days of the week", 
    "name": "mount abu wildlife sanctuary", 
    "prices": {
      "per person Jeep Safari": "300"
    }, 
    "timings": "9:00 AM - 5:30 PM"
  }, 
  {
    "days-of-week": "All days of the week", 
    "name": "raghunath temple", 
    "prices": {
      "No entry fee": "0"
    }, 
    "timings": null
  }, 
  {
    "name": "sunset point", 
    "prices": {
      "No entry fee": "0"
    }
  }, 
  {
    "days-of-week": "All days of the week", 
    "name": "vimal vasahi", 
    "prices": {
      "No entry fee": "0"
    }, 
    "timings": null
  }, 
  {
    "days-of-week": "All days of the week", 
    "name": "adhar devi temple", 
    "prices": {
      "No entry fee": "0"
    }, 
    "timings": null
  }, 
  {
    "days-of-week": "All days of the week except Friday", 
    "name": "government museum", 
    "timings": "10:00 AM - 4:30 PM"
  }, 
  {
    "days-of-week": "All days of the week", 
    "name": "guru shikhar", 
    "prices": {
      "no entry fee": "0"
    }, 
    "timings": "8:00 AM - 6:30 PM"
  }, 
  {
    "days-of-week": "All days of the week", 
    "name": "brahma kumaris museum", 
    "prices": {
      "no entry fee": "0"
    }, 
    "timings": "8:00 AM - 8:00 PM"
  }, 
  {
    "name": "achaleshwar mahadev temple ", 
    "prices": {}
  }, 
  {
    "name": "toad rock"
  }, 
  {
    "name": "doodh baori"
  }, 
  {
    "name": "achalgarh"
  }, 
  {
    "name": "ambika mata mandir"
  }, 
  {
    "name": "dhrudhiya water falls"
  }, 
  {
    "name": "spiritual art gallery"
  }, 
  {
    "name": "sri duleshwar mahadev temple"
  }, 
  {
    "name": "shankar math"
  }, 
  {
    "name": "nilkanth temple"
  }, 
  {
    "name": "school chapel"
  }, 
  {
    "name": "st lawrence church"
  }, 
  {
    "name": "mughal garden"
  }, 
  {
    "name": "pool garden"
  }, 
  {
    "name": "palm view garden"
  }, 
  {
    "name": "romp pomp pomp"
  }, 
  {
    "name": "gaumukh vashisht ashram"
  }, 
  {
    "name": "vijay ghati"
  }, 
  {
    "name": "pandav bhawan complex"
  }, 
  {
    "name": "gyan sarovar complex"
  }, 
  {
    "name": "sunrise valley"
  }
]