[
  {
    "name": "balaji dham"
  }, 
  {
    "name": "puneet nagpal"
  }, 
  {
    "name": "hanumanji ki murti"
  }, 
  {
    "name": "shani mandir"
  }, 
  {
    "name": "hanuman mandir"
  }, 
  {
    "name": "sanatan dharm bada mandir"
  }, 
  {
    "name": "sidh hanuman mandir"
  }, 
  {
    "name": "shiv mandir"
  }, 
  {
    "name": "shiv mandir"
  }, 
  {
    "name": "shiv mandir"
  }, 
  {
    "name": "om namah shivay"
  }, 
  {
    "name": "home land mandir"
  }, 
  {
    "name": "bala ji mandir"
  }, 
  {
    "name": "ramdev mandir"
  }, 
  {
    "name": "indira vatika"
  }, 
  {
    "name": "shaheed e azam bhagat singh park"
  }, 
  {
    "name": "ambikey palace"
  }, 
  {
    "name": "payal theatre"
  }, 
  {
    "name": "azad theatre"
  }, 
  {
    "name": "narus hall"
  }, 
  {
    "name": "krishna big cinemas"
  }, 
  {
    "name": "cinema ghar"
  }, 
  {
    "name": "shipayanee cinema"
  }, 
  {
    "name": "shitalama mandir"
  }, 
  {
    "name": "kali maa mandir"
  }, 
  {
    "name": "santoshi temple"
  }, 
  {
    "name": "amtala kalibari"
  }, 
  {
    "name": "shiv mandir"
  }, 
  {
    "name": "bani mandir"
  }
]