[
  {
    "days-of-week": "All days of the week except Sunday", 
    "name": "lallgarh palace", 
    "prices": {
      "per person": "25"
    }, 
    "timings": "10:00 AM - 5:00 PM"
  }, 
  {
    "days-of-week": "All days of the week", 
    "name": "junagarh fort", 
    "prices": {
      "per person for Foreigners": "300", 
      "per person for Indian students": "30", 
      "per person for Indians": "50", 
      "per person for foreigner students": "150"
    }, 
    "timings": "10:00 AM - 4:30 PM"
  }, 
  {
    "days-of-week": "All days of the week except Sunday", 
    "name": "sadul museum", 
    "prices": {
      "per person for Foreigners": "20", 
      "per person for Indians": "10"
    }, 
    "timings": "10:00 AM  - 5:00 PM"
  }, 
  {
    "days-of-week": "All days of the week", 
    "name": "prachina museum", 
    "prices": {
      " for Still Camera": "20", 
      " for Video Camera": "75", 
      "per person for Children and Students": "5", 
      "per person for Foreigners": "25", 
      "per person for Indians": "10"
    }, 
    "timings": "9:00 AM - 6:00 PM"
  }, 
  {
    "days-of-week": "All days of the week", 
    "name": "karni mata temple", 
    "timings": "5:00 AM - 10: 00 PM"
  }, 
  {
    "days-of-week": "All days of the week except Sunday", 
    "name": "ganga golden jubilee museum", 
    "prices": {
      "per person": "5"
    }, 
    "timings": "10:00 AM - 5:00 PM"
  }, 
  {
    "days-of-week": "All days of the week except Friday", 
    "name": "ganga singh museum", 
    "prices": {
      "per person": "3"
    }, 
    "timings": "10:00 AM - 4:30 PM"
  }, 
  {
    "days-of-week": "All days of the week", 
    "name": "shiv bari temple", 
    "timings": "7:00 AM - 7:00 PM"
  }, 
  {
    "days-of-week": "All days of the week except Sunday", 
    "name": "rajasthan state archives", 
    "prices": {
      "No entry fee": "0"
    }, 
    "timings": "10:00 AM - 4:30 PM"
  }, 
  {
    "name": "imperial art gallery", 
    "prices": {
      "No entry fee": "0"
    }
  }, 
  {
    "name": "gajner wildlife sanctuary", 
    "prices": {
      "per person": "100"
    }
  }, 
  {
    "name": "kolayatji temple"
  }, 
  {
    "name": "gajner lake", 
    "prices": {
      "No entry fee": "0"
    }
  }, 
  {
    "name": "devi kund sagar ", 
    "prices": {
      "per person": "30"
    }
  }, 
  {
    "name": "kodamdeshwar temple"
  }, 
  {
    "name": "gajner palace", 
    "prices": {
      "per person": "100"
    }
  }, 
  {
    "name": "kote gate"
  }, 
  {
    "name": "laxmi nath temple"
  }, 
  {
    "name": "sri ram mandir"
  }, 
  {
    "name": "ratan behari temple", 
    "prices": {}
  }, 
  {
    "name": "shani mandir"
  }, 
  {
    "name": "hari ram mandir"
  }, 
  {
    "name": "sai baba temple"
  }, 
  {
    "name": "bada ganesh ji temple"
  }, 
  {
    "days-of-week": "All days of the week", 
    "name": "nagnechi mandir", 
    "timings": null
  }, 
  {
    "name": "ganga singh statue"
  }, 
  {
    "days-of-week": "All days of the week", 
    "name": "suraj talkies", 
    "timings": "9:00 AM - 12:00 AM"
  }, 
  {
    "name": "ramdev baba mandir"
  }, 
  {
    "name": "panchmukhi hanuman mandir"
  }, 
  {
    "name": "maa bhatiyani temple"
  }, 
  {
    "name": "hanuman temple"
  }, 
  {
    "name": "hanuman mandir"
  }, 
  {
    "name": "baba ramdev temple"
  }, 
  {
    "name": "brahm kumari mandir"
  }, 
  {
    "name": "ganesh mandir"
  }, 
  {
    "name": "jagdish mandir"
  }, 
  {
    "name": "bagi nada hanuman mandir"
  }, 
  {
    "name": "kharnada hanuman mandir"
  }, 
  {
    "name": "gayatri mata temple"
  }, 
  {
    "name": "shri guru jambheshwar mandir"
  }, 
  {
    "name": "hari ramji temple new lane"
  }, 
  {
    "name": "goli hanumanji temple"
  }, 
  {
    "name": "bhootnath mahadev mandir"
  }, 
  {
    "name": "ma karni mandir"
  }, 
  {
    "name": "chetan mahadev mandir"
  }, 
  {
    "name": "cni church"
  }, 
  {
    "name": "sri mansapuram mandir"
  }, 
  {
    "name": "gopi nath ji mandir"
  }, 
  {
    "name": "chardham ram mandir"
  }, 
  {
    "name": "sri shiv temple"
  }, 
  {
    "name": "sri parshav nath mandir"
  }, 
  {
    "name": "sri laleshwar mahadev mandir"
  }, 
  {
    "name": "surajbhan mandir"
  }, 
  {
    "name": "sri shirdi sai mandir"
  }, 
  {
    "name": "sri ayappa mandir"
  }, 
  {
    "name": "sankat mochan hanuman mandir"
  }, 
  {
    "name": "vishwakarma temple"
  }, 
  {
    "name": "vashno devi mandir"
  }, 
  {
    "name": "tulsi kutir mandir"
  }, 
  {
    "name": "sri ramdev temple"
  }, 
  {
    "name": "shubham garden sadulganj"
  }, 
  {
    "name": "shiv shakti mandir"
  }, 
  {
    "name": "rani laxmi bai park 2"
  }, 
  {
    "name": "rangoli mahadev temple"
  }, 
  {
    "name": "ragunath mandir"
  }, 
  {
    "name": "natkhat bana mandir"
  }, 
  {
    "name": "narsingh bhagwan mandir"
  }, 
  {
    "name": "narmadeshwar mahadev mandir"
  }, 
  {
    "name": "nandishwar mahadev mandir"
  }, 
  {
    "name": "mata ji temple"
  }, 
  {
    "name": "marunayak temple"
  }, 
  {
    "name": "markandeswer temple"
  }, 
  {
    "name": "kheteshwar temple"
  }, 
  {
    "name": "karni theatre"
  }, 
  {
    "name": "kali mata temple"
  }, 
  {
    "name": "higulaj temple"
  }, 
  {
    "name": "hari ram baba temple"
  }, 
  {
    "name": "gayatri temple"
  }, 
  {
    "name": "gop nath mahadev temple"
  }, 
  {
    "name": "gayatri mata mandir"
  }, 
  {
    "name": "ganga theatre"
  }, 
  {
    "name": "ganesh shiv temple"
  }, 
  {
    "name": "ekisiya ganesh mandir"
  }, 
  {
    "name": "dharni dhar mandir"
  }, 
  {
    "name": "sardul singh statue"
  }, 
  {
    "name": "raj mandir"
  }, 
  {
    "name": "cine magic big cinemas"
  }, 
  {
    "name": "vikramaditya ka tilla"
  }, 
  {
    "name": "thar desert"
  }, 
  {
    "name": "soor sagar"
  }, 
  {
    "name": "mini soorsagar"
  }, 
  {
    "name": "imperial arts gallery"
  }
]