[
  {
    "days-of-week": "All days of the week", 
    "name": "city palace", 
    "prices": {
      "per person": "10"
    }, 
    "timings": "10:00 AM - 5:00 PM"
  }, 
  {
    "days-of-week": "All days of the week except Friday", 
    "name": "maharao madho singh museum", 
    "prices": {
      "per person Lower Section": "10", 
      "per person Upper Section": "50"
    }, 
    "timings": "10:00 AM - 5:00 PM"
  }, 
  {
    "name": "kishore sagar lake"
  }, 
  {
    "days-of-week": "All days of the week", 
    "name": "godavari dham temple", 
    "timings": "7:00 AM - 8:00 PM"
  }, 
  {
    "name": "jag mandir"
  }, 
  {
    "name": "godawari dham mandir"
  }, 
  {
    "name": "mayur cinema"
  }, 
  {
    "name": "umed singh fort"
  }, 
  {
    "name": "chatra vilas garden"
  }, 
  {
    "name": "radhakrishna temple"
  }, 
  {
    "name": "sheetala mata mandir"
  }, 
  {
    "name": "city palace"
  }, 
  {
    "days-of-week": "All days of the week", 
    "name": "garadia mahadev", 
    "prices": {
      "No entry fee": "0"
    }, 
    "timings": "7:00 AM - 8:00 PM"
  }, 
  {
    "name": "kishore sagar"
  }, 
  {
    "name": "alnea"
  }, 
  {
    "name": "gaipernath"
  }, 
  {
    "days-of-week": "All days of the week", 
    "name": "chambal gardens", 
    "prices": {
      "Free Entry": "0", 
      "per person Boating": "50"
    }, 
    "timings": "10:00 AM - 7:00 PM"
  }, 
  {
    "days-of-week": "All days of the week except Friday", 
    "name": "government museum", 
    "timings": "9:30 AM - 5:00 PM"
  }, 
  {
    "name": "shivpuri dham", 
    "prices": {}
  }, 
  {
    "name": "gumanpura fort"
  }, 
  {
    "name": "ietihasik abheda rani mahal"
  }, 
  {
    "name": "karni mata mandir"
  }, 
  {
    "name": "hanuman temple"
  }, 
  {
    "name": "balaji temple"
  }, 
  {
    "name": "mali saini samaj temple"
  }, 
  {
    "name": "radha krishna mandir"
  }, 
  {
    "name": "dev narayan temple"
  }, 
  {
    "name": "khade ganesh ji"
  }, 
  {
    "name": "veeru ji ka mandir"
  }, 
  {
    "name": "dadabadi digamber jain nasiaji"
  }, 
  {
    "name": "dadabadi digamber jain nasiaji"
  }, 
  {
    "name": "ayappa temple"
  }, 
  {
    "name": "goureshwar mahadev mandir"
  }, 
  {
    "name": "kankdeshwar mahadev chatar"
  }, 
  {
    "name": "shri raghunath mandir"
  }, 
  {
    "name": "shri manshapuran ganesh mandir"
  }, 
  {
    "days-of-week": "All days of the week except Sunday", 
    "name": "teja ji mandir", 
    "timings": "9:00 AM - 5:00 PM"
  }, 
  {
    "name": "shri babri ka hanuman ji mandir"
  }, 
  {
    "name": "maa vaishno devi mandir"
  }, 
  {
    "name": "shri pashupati nath mahadeveshwar mandir"
  }, 
  {
    "name": "shri maha mangleshwar mahadev mandir"
  }, 
  {
    "name": "jai shri ram mandir"
  }, 
  {
    "name": "shri kankali mata mandir"
  }, 
  {
    "name": "teja ji ka chowk temple"
  }, 
  {
    "name": "shri siddheshwer hanuman mandir"
  }, 
  {
    "name": "rameshwaram mahadev mandir"
  }, 
  {
    "name": "jagdish mandir"
  }, 
  {
    "name": "shri jind baba mandir"
  }, 
  {
    "name": "sri hanuman temple"
  }, 
  {
    "name": "jyoti bal vidya mandir"
  }, 
  {
    "name": "sri durga mata mandir"
  }, 
  {
    "name": "puneet dham mandir"
  }, 
  {
    "name": "hemnath mahadev mandir"
  }, 
  {
    "name": "laxmi narayan mandir"
  }, 
  {
    "name": "sri kaleshwar mahadev mandir"
  }, 
  {
    "name": "durga mata mandir"
  }, 
  {
    "name": "sanidev temple"
  }, 
  {
    "name": "sree jaleshwar mahadev mandir"
  }, 
  {
    "name": "nageshwar mahadev mandir"
  }, 
  {
    "name": "jai ambey mandir"
  }, 
  {
    "name": "hamara mandir"
  }, 
  {
    "name": "vaishno mataji temple"
  }, 
  {
    "name": "chouth mata mandir"
  }, 
  {
    "name": "ram janki temple"
  }, 
  {
    "name": "ganesh temple"
  }, 
  {
    "name": "arya samaj mandir"
  }, 
  {
    "name": "maa annapurna mandir"
  }, 
  {
    "name": "shree bajrang bali mandir"
  }, 
  {
    "name": "ganesh mandir"
  }, 
  {
    "name": "naag nagin ka mandir"
  }, 
  {
    "name": "gyarah mukhi hanuman mandir"
  }, 
  {
    "name": "rhinmukteshwar temple"
  }, 
  {
    "name": "mata ka mandir"
  }, 
  {
    "name": "tileshwar mandir"
  }, 
  {
    "name": "ram temple"
  }, 
  {
    "name": "shivji temple"
  }, 
  {
    "name": "shiv and hanuman mandir"
  }, 
  {
    "name": "santoshi mata temple"
  }, 
  {
    "name": "sai baba temple"
  }, 
  {
    "name": "rangbari mandir"
  }, 
  {
    "name": "murugan temple"
  }, 
  {
    "name": "jai hanuman mandir"
  }, 
  {
    "name": "gayatri shakti peeth"
  }, 
  {
    "name": "ayyappa temple"
  }, 
  {
    "name": "aasha pala mata ka mandir"
  }, 
  {
    "name": "emmanuel church"
  }, 
  {
    "name": "vigyan sangrahalay"
  }, 
  {
    "name": "shiv mandir"
  }, 
  {
    "name": "ram mandir"
  }, 
  {
    "name": "shakti mandir"
  }, 
  {
    "name": "saraswati and lakshmi temple"
  }, 
  {
    "name": "jagdish ji ka mandir"
  }, 
  {
    "name": "jhooley lal mandir"
  }, 
  {
    "name": "bhitaria kund"
  }, 
  {
    "name": "district park"
  }, 
  {
    "name": "sankat mochan hanuman mandir"
  }, 
  {
    "name": "shri satyeshwar mahadev mandir"
  }, 
  {
    "name": "umed singh ka jungle"
  }, 
  {
    "name": "gandhi udyan"
  }, 
  {
    "name": "mataji temple"
  }, 
  {
    "name": "parswa kushal dham"
  }, 
  {
    "name": "sri kali mata mandir"
  }, 
  {
    "name": "santoshi mata ka mandir"
  }, 
  {
    "name": "sri sateshwar balaji mandir"
  }, 
  {
    "name": "hanuman mandir"
  }, 
  {
    "name": "chandmari balaji mandir"
  }, 
  {
    "name": "kota fort"
  }, 
  {
    "name": "chattarbilas tank"
  }, 
  {
    "name": "kota barrage"
  }, 
  {
    "name": "lakshman jhoola"
  }, 
  {
    "name": "city palace"
  }, 
  {
    "name": "mohan talkies"
  }, 
  {
    "name": "purana cinema hall"
  }, 
  {
    "name": "open air picture hall"
  }, 
  {
    "name": "akash cinema hall"
  }, 
  {
    "name": "om cineplex"
  }, 
  {
    "name": "sarovar takies"
  }, 
  {
    "name": "nataraj talkies"
  }, 
  {
    "name": "brij talkies"
  }, 
  {
    "name": "sai baba temple "
  }
]