[
  {
    "days-of-week": "All days of the week", 
    "name": "city palace", 
    "prices": {
      "per person for Child": "40", 
      "per person for Indians": "75", 
      "per person for foreign tourists": "300"
    }, 
    "timings": "9:30 AM - 5:00 PM"
  }, 
  {
    "days-of-week": "All days of the week", 
    "name": "hawa mahal", 
    "prices": {
      "per person for Foreign Tourists": "200", 
      "per person for Indians": "50"
    }, 
    "timings": "9:00 AM - 5:30 PM"
  }, 
  {
    "days-of-week": "All days of the week", 
    "name": "chokhi dhani village", 
    "prices": {
      "per child for children (2'5\" ft to 3'5\" ft)": "350", 
      "per person for adults": "600"
    }, 
    "timings": "5:00 PM - 11:00 PM"
  }, 
  {
    "days-of-week": "All days of the week", 
    "name": "jantar mantar", 
    "prices": {
      "per person for Indians": "40", 
      "per person for foreign tourists": "200", 
      "per person for students": "15", 
      "per person or foreign students": "100"
    }, 
    "timings": "9:00 AM - 5:00 PM"
  }, 
  {
    "days-of-week": "All days of the week", 
    "name": "amber fort", 
    "prices": {
      "per person for Indian students": "10", 
      "per person for Indians": "100", 
      "per person for foreign students": "100", 
      "per person for foreign tourists": "500"
    }, 
    "timings": "8:00 AM - 6:00 PM"
  }, 
  {
    "name": "shri 1008 shri bhomiya ji maharaj mandir"
  }, 
  {
    "days-of-week": "All days of the week", 
    "name": "jal mahal", 
    "prices": {
      "per person for foreigners": "50", 
      "per person for indians": "10"
    }, 
    "timings": "9:00 AM - 5:00 PM"
  }, 
  {
    "days-of-week": "All days of the week", 
    "name": "jaigarh fort", 
    "prices": {
      "per person for Indians": "35", 
      "per person for foreign tourists": "85"
    }, 
    "timings": "9:00 AM - 4:30 PM"
  }, 
  {
    "days-of-week": "All days of the week", 
    "name": "nahargarh fort", 
    "prices": {
      "per person for Foreign students": "25", 
      "per person for Indian students": "5", 
      "per person for Indians": "20", 
      "per person for foreign tourists": "50"
    }, 
    "timings": "10:00 AM - 5:30 PM"
  }, 
  {
    "days-of-week": "All days of the week except Tuesday", 
    "name": "zoological garden (jaipur zoo)", 
    "prices": {
      "per person for Indians": "15", 
      "per person or foreign tourists": "150"
    }, 
    "timings": null
  }, 
  {
    "name": "tejaji mandir"
  }, 
  {
    "days-of-week": "Sun", 
    "name": "anokhi museum of hand printing", 
    "prices": {
      "per camcorder": "150", 
      "per person for adults": "30", 
      "per person for children": "15", 
      "per person for students": "20", 
      "per still camera": "50"
    }, 
    "timings": "11:00 AM - 4:30 PM"
  }, 
  {
    "days-of-week": "All days of the week", 
    "name": "albert hall museum", 
    "prices": {
      "per person for Indian student": "10", 
      "per person for Indian visitor": "20", 
      "per person for Overseas student": "75", 
      "per person for Overseas visitor": "150"
    }, 
    "timings": "9:00 AM - 5:00 PM "
  }, 
  {
    "name": "dolls museum", 
    "prices": {
      "per person For Foreign Tourists": "150", 
      "per person For Indians": "20"
    }
  }, 
  {
    "name": "the monkey temple", 
    "prices": {
      "Camera": "50", 
      "No entry fee": "0"
    }
  }, 
  {
    "name": "panna meena ka kund", 
    "prices": {
      "No entry fee": "0"
    }
  }, 
  {
    "name": "narsingh temple"
  }, 
  {
    "name": "rusirani village", 
    "prices": {
      "No entry fee": "0"
    }
  }, 
  {
    "name": "diwan-e-khas", 
    "prices": {
      "per person For Foreign Torusits": "300", 
      "per person For Indians": "75"
    }
  }, 
  {
    "days-of-week": "All days of the week", 
    "name": "tripolia gate", 
    "prices": {
      "": "0"
    }, 
    "timings": "12:00 AM - 12:00 AM"
  }, 
  {
    "days-of-week": "All days of the week except Tuesday", 
    "name": "ram niwas garden", 
    "prices": {
      "per person Foreigners": "100", 
      "per person Indians": "10"
    }, 
    "timings": null
  }, 
  {
    "days-of-week": "All days of the week", 
    "name": "kanak vrindavan garden", 
    "prices": {}, 
    "timings": "8:00 AM - 5:00 PM"
  }, 
  {
    "name": "radha damodar temple"
  }, 
  {
    "days-of-week": "All days of the week", 
    "name": "iswari minar swarga sal", 
    "prices": {}, 
    "timings": "9:00 AM - 4:30 PM"
  }, 
  {
    "days-of-week": "All days of the week", 
    "name": "moti dungri ganesh temple", 
    "prices": {
      "No entry fee": "0"
    }, 
    "timings": null
  }, 
  {
    "name": "elefantastic elephant farm", 
    "prices": {
      "Foreigner (Child under 4 years)": "0", 
      "Indian (Child under 4 years)": "0", 
      "per person-In Summers Foreigner (Adult)": "5,100", 
      "per person-In Summers Foreigner (Child under 12 years)": "2,550", 
      "per person-In Summers Indian (Adult)": "3,500", 
      "per person-In Summers Indian (Child under 12 years)": "1,750", 
      "per person-In Winters Foreigner (Adult)": "4,000", 
      "per person-In Winters Foreigner (Child under 12 years)": "2,000", 
      "per person-In Winters Indian (Adult)": "3,000", 
      "per person-In Winters Indian (Child under 12 years)": "1,500"
    }
  }, 
  {
    "days-of-week": "All days of the week", 
    "name": "sawai mansingh stadium", 
    "prices": {
      "According to the match": "0"
    }, 
    "timings": "12:00 AM - 12:00 AM (According to the match)"
  }, 
  {
    "name": "naila art gallery"
  }, 
  {
    "days-of-week": "All days of the week except Sunday", 
    "name": "new life fellowship church", 
    "timings": "10:00 AM - 6:00 PM"
  }, 
  {
    "name": "royal rajasthan art gallery"
  }, 
  {
    "name": "brijraj bihari temple"
  }, 
  {
    "name": "kanak bihari temple"
  }, 
  {
    "days-of-week": "All days of the week except Sunday", 
    "name": "pentecostal mission society's church", 
    "timings": null
  }, 
  {
    "name": "neelkanth mahadev mandir"
  }, 
  {
    "name": "vaishno devi mandir"
  }, 
  {
    "name": "thakurji ka mandir"
  }, 
  {
    "name": "om shiv mandir"
  }, 
  {
    "days-of-week": "All days of the week", 
    "name": "garh ganesh mandir", 
    "timings": null
  }, 
  {
    "name": "girdharji mandir"
  }, 
  {
    "name": "gayatri kala mandir"
  }, 
  {
    "days-of-week": "All days of the week", 
    "name": "gopal dev ji temple", 
    "timings": "5:00 AM - 9:00 PM"
  }, 
  {
    "name": "goverdhan temple"
  }, 
  {
    "name": "kali mata mandir"
  }, 
  {
    "name": "sai baba mandir"
  }, 
  {
    "days-of-week": "All days of the week", 
    "name": "param hans dham", 
    "timings": "7:00 AM - 8:00 PM"
  }, 
  {
    "name": "panchmukhi hanumanji temple"
  }, 
  {
    "name": "triloki nath temple"
  }, 
  {
    "name": "khatu shyam mandir"
  }, 
  {
    "name": "krishna mandir"
  }, 
  {
    "name": "amba mata mandir"
  }, 
  {
    "name": "takhat e shahi road"
  }, 
  {
    "days-of-week": "All days of the week", 
    "name": "nehru bal udyan", 
    "prices": {
      "no entry fee": "0"
    }, 
    "timings": "6:00 AM - 6:30 PM"
  }, 
  {
    "name": "gangapol gate"
  }, 
  {
    "name": "raj lalit kala academy art gallery"
  }, 
  {
    "name": "kohinoor cinema", 
    "prices": {
      "per person": "50", 
      "per person On Tuesday": "150"
    }
  }, 
  {
    "name": "pinkcity cinema"
  }, 
  {
    "days-of-week": "All days of the week except Sunday", 
    "name": "paras cinema", 
    "timings": "9:00 AM - 9:00 PM"
  }, 
  {
    "name": "golcha cinema", 
    "prices": {
      "per person": "120"
    }
  }, 
  {
    "name": "samrat cinema"
  }, 
  {
    "name": "lord shiva temple"
  }, 
  {
    "name": "ridhi sidhi pol"
  }, 
  {
    "days-of-week": "All days of the week", 
    "name": "badri nath mandir", 
    "timings": null
  }, 
  {
    "name": "roman catholic church"
  }, 
  {
    "name": "sangam cinema"
  }, 
  {
    "name": "ravindra rang manch"
  }, 
  {
    "days-of-week": "All days of the week", 
    "name": "mandir shri tarkeshwar ji", 
    "prices": {
      "no entry fee": "0"
    }, 
    "timings": "4:00 AM - 11:00 PM"
  }, 
  {
    "days-of-week": "All days of the week", 
    "name": "mandir shri dadu dwara", 
    "timings": null
  }, 
  {
    "name": "art cottage and museum"
  }, 
  {
    "days-of-week": "All days of the week", 
    "name": "sargasuli tower", 
    "prices": {
      "per person": "70"
    }, 
    "timings": "9:30 AM - 4:00 PM"
  }, 
  {
    "name": "village textile factory", 
    "prices": {
      "No entry fee": "0"
    }
  }, 
  {
    "days-of-week": "All days of the week", 
    "name": "big cinemas galaxy", 
    "prices": {
      "per person": "70"
    }, 
    "timings": "9:30 AM - 1:00 AM"
  }, 
  {
    "days-of-week": "All days of the week", 
    "name": "tarkeshwar mahadev temple", 
    "prices": {}, 
    "timings": "4:00 AM - 11:30 PM"
  }, 
  {
    "name": "kesar kyari bagh"
  }, 
  {
    "days-of-week": "All days of the week", 
    "name": "mangleshwar mahadev mandir", 
    "timings": null
  }, 
  {
    "name": "krishna temple"
  }, 
  {
    "name": "kali mata mandir"
  }, 
  {
    "name": "ramdev mandir"
  }, 
  {
    "name": "ram sita mandir"
  }, 
  {
    "name": "sai temple"
  }, 
  {
    "days-of-week": "All days of the week", 
    "name": "ankur cinema", 
    "prices": {
      "per person": "50"
    }, 
    "timings": "8:00 AM - 1:00 AM"
  }, 
  {
    "name": "gaitore ki chhatriyan", 
    "prices": {}
  }, 
  {
    "name": "gheewalon ka raasta"
  }, 
  {
    "days-of-week": "All days of the week except Sunday", 
    "name": "chakrapani ayurveda clinic and research centre", 
    "prices": {
      "per person onwards": "500"
    }, 
    "timings": "9:00 AM - 8:00 PM"
  }, 
  {
    "name": "dev narayan mandir"
  }, 
  {
    "days-of-week": "All days of the week", 
    "name": "charak ayurveda centre", 
    "prices": {
      "per person onwards": "500"
    }, 
    "timings": "10:00 AM - 7:30 PM"
  }, 
  {
    "days-of-week": "All days of the week", 
    "name": "khajane walon ka rasta", 
    "timings": "10:00 AM - 8:00 PM"
  }, 
  {
    "days-of-week": "All days of the week", 
    "name": "kanchan art gallery", 
    "prices": {
      "no entry fee": "0"
    }, 
    "timings": "11:00 AM - 7:00 PM"
  }, 
  {
    "days-of-week": "All days of the week except Sunday", 
    "name": "fine art palace", 
    "prices": {
      "no entry fee": "0"
    }, 
    "timings": "11:00 AM - 9:00 PM"
  }, 
  {
    "name": "alka cinema"
  }, 
  {
    "days-of-week": "All days of the week", 
    "name": "src museum of indology", 
    "prices": {
      "per person for Foreigners": "100", 
      "per person for Indian Citizens": "20"
    }, 
    "timings": "10:00 AM - 5:00 PM"
  }, 
  {
    "name": "mansagar lake"
  }, 
  {
    "days-of-week": "All days of the week", 
    "name": "ramgarh lake", 
    "timings": "7:00 AM - 7:00 PM"
  }, 
  {
    "name": "durga mandir"
  }, 
  {
    "name": "laxminath mandir"
  }, 
  {
    "name": "safed mandir"
  }, 
  {
    "name": "prachin hanuman temple"
  }, 
  {
    "days-of-week": "All days of the week", 
    "name": "ram raghav mandir ashram", 
    "timings": "12:00 AM - 12:00 AM"
  }, 
  {
    "days-of-week": "All days of the week", 
    "name": "milan cinema", 
    "prices": {
      "per person": "50"
    }, 
    "timings": "9:30 AM - 12:00 AM"
  }, 
  {
    "name": "mayank cinema"
  }, 
  {
    "days-of-week": "All days of the week", 
    "name": "royal gaitor tumbas", 
    "prices": {
      "per person for adults": "30"
    }, 
    "timings": "10:00 AM - 5:30 PM"
  }, 
  {
    "days-of-week": "All days of the week", 
    "name": "shri digamber jain temple", 
    "timings": "4:00 AM - 6:00 PM"
  }, 
  {
    "days-of-week": "All days of the week", 
    "name": "vidyadhar garden", 
    "timings": "8:00 AM - 5:30 PM"
  }, 
  {
    "days-of-week": "All days of the week", 
    "name": "devdi temple", 
    "timings": null
  }, 
  {
    "days-of-week": "All days of the week", 
    "name": "inox multiplex", 
    "timings": "9:30 AM - till late (Depending upon the show)"
  }, 
  {
    "name": "ram mandir"
  }, 
  {
    "name": "ajmeri gate", 
    "prices": {
      "No Entry Fees": "0"
    }
  }, 
  {
    "name": "mor gregorius jacobite syrian church"
  }, 
  {
    "name": "pitam niwas chowk"
  }, 
  {
    "days-of-week": "All days of the week", 
    "name": "shri sanjay sharma museum & research institute", 
    "timings": "10:00 AM - 5:00 PM"
  }, 
  {
    "name": "jharkhand mahadev temple"
  }, 
  {
    "days-of-week": "All days of the week", 
    "name": "kanak vrindavan mahal", 
    "timings": null
  }, 
  {
    "days-of-week": "All days of the week except Thursday", 
    "name": "alice garg national seashell museum", 
    "prices": {
      "per person Foreign Tourists": "100", 
      "per person Indian": "30"
    }, 
    "timings": null
  }, 
  {
    "days-of-week": "All days of the week", 
    "name": "purple edutainment pvt ltd", 
    "prices": {
      "per person": "200"
    }, 
    "timings": "9:30 AM - 11:30 PM"
  }, 
  {
    "days-of-week": "All days of the week except Monday", 
    "name": "akshardham temple", 
    "timings": "10:30 AM - 6:00 PM"
  }, 
  {
    "days-of-week": "All days of the week", 
    "name": "st andrews church", 
    "timings": null
  }, 
  {
    "days-of-week": "All days of the week", 
    "name": "nidhi art gallery", 
    "timings": "9:00 AM - 9:00 PM"
  }, 
  {
    "days-of-week": "All days of the week", 
    "name": "peacock gate", 
    "prices": {
      "per person for Foriegners": "300", 
      "per person for Indians": "75"
    }, 
    "timings": "9:00 AM - 5:00 PM"
  }, 
  {
    "days-of-week": "All days of the week", 
    "name": "jain mandir sanganer", 
    "prices": {}, 
    "timings": "6:00 AM - 10:00 PM"
  }, 
  {
    "days-of-week": "All days of the week", 
    "name": "ayyappa temple", 
    "timings": null
  }, 
  {
    "days-of-week": "All days of the week", 
    "name": "birla mandir", 
    "prices": {
      "Free": "0"
    }, 
    "timings": null
  }, 
  {
    "days-of-week": "All days of the week", 
    "name": "kale hanumanji ka mandir", 
    "timings": "5:00 AM - 9:00 PM"
  }, 
  {
    "days-of-week": "All days of the week", 
    "name": "smriti van", 
    "timings": "5:00 AM - 6:00 PM"
  }, 
  {
    "name": "jamwai mata temple"
  }, 
  {
    "name": "jangleshwar ji temple"
  }, 
  {
    "days-of-week": "All days of the week", 
    "name": "kaila devi mata mandir", 
    "timings": null
  }, 
  {
    "name": "shree chamunda mata mandir"
  }, 
  {
    "days-of-week": "All days of the week", 
    "name": "jwala mata temple", 
    "timings": "6:00 AM - 8:00 PM"
  }, 
  {
    "name": "chamtkareshwer mahadev mandir"
  }, 
  {
    "days-of-week": "All days of the week except Monday", 
    "name": "science park", 
    "prices": {
      "per person for adults": "20", 
      "per person for minimum 10 student group": "10", 
      "per person for students": "15"
    }, 
    "timings": null
  }, 
  {
    "name": "shanidev mandir"
  }, 
  {
    "name": "charan mandir"
  }, 
  {
    "days-of-week": "All days of the week", 
    "name": "diwan-e-aam", 
    "prices": {
      "per person Adults": "40", 
      "per person Children": "25", 
      "per person Foreigner": "300"
    }, 
    "timings": "9:30 AM - 6:00 PM"
  }, 
  {
    "name": "sanganeri gate"
  }, 
  {
    "name": "era"
  }, 
  {
    "days-of-week": "All days of the week", 
    "name": "cenotaphs of the maharanis of jaipur", 
    "prices": {
      "per person for Foreigners": "30", 
      "per person for Indian Citizens": "10"
    }, 
    "timings": "9:00 AM - 4:30 PM"
  }, 
  {
    "name": "shaheed smarak"
  }, 
  {
    "days-of-week": "All days of the week", 
    "name": "ganesh pol gateway", 
    "prices": {
      "per person for Foriegners": "110", 
      "per person for Indians": "35"
    }, 
    "timings": "9:00 AM - 4:30 PM"
  }, 
  {
    "days-of-week": "All days of the week", 
    "name": "elefun-enjoy with elephants", 
    "prices": {
      "per person to spend the entire day with elephants": "4,500"
    }, 
    "timings": "10:30 AM - 7:00 PM"
  }, 
  {
    "days-of-week": "All days of the week", 
    "name": "b m birla auditorium", 
    "prices": {
      "per person": "40"
    }, 
    "timings": "10:00 AM - 7:00 PM (timings of complex)"
  }, 
  {
    "days-of-week": "All days of the week", 
    "name": "jawahar circle", 
    "prices": {
      "per person for foreign tourists": "20", 
      "per person for indians": "10"
    }, 
    "timings": null
  }, 
  {
    "days-of-week": "All days of the week", 
    "name": "jawahar kala kendra", 
    "prices": {
      "no entry fee": "0"
    }, 
    "timings": "10:00 AM - 5:00 PM"
  }, 
  {
    "days-of-week": "All days of the week", 
    "name": "abhaneri step well", 
    "prices": {
      "no entry fee": "0"
    }, 
    "timings": "10:00 AM - 5:00 PM"
  }, 
  {
    "days-of-week": "All days of the week", 
    "name": "chandra mahal", 
    "prices": {
      "per person Foreign Adult": "300", 
      "per person Foreign Child (5-12 yrs)": "200", 
      "per person Indian Adult": "75", 
      "per person Indian Child (5-12 yrs)": "40"
    }, 
    "timings": "9:30 AM - 6:00 PM"
  }, 
  {
    "days-of-week": "All days of the week", 
    "name": "inox", 
    "timings": "9:30 AM - till late (Depending upon the show)"
  }, 
  {
    "name": "badal mahal"
  }, 
  {
    "days-of-week": "All days of the week", 
    "name": "baps shri swaminarayan mandir", 
    "prices": {}, 
    "timings": null
  }, 
  {
    "days-of-week": "All days of the week", 
    "name": "mukteshwar mahadev mandir", 
    "timings": "4:00 AM - 10:30 PM"
  }, 
  {
    "days-of-week": "All days of the week", 
    "name": "madho behariji temple", 
    "timings": "4:00 AM - 8:00 PM"
  }, 
  {
    "days-of-week": "All days of the week", 
    "name": "shitla devi mandir", 
    "timings": null
  }, 
  {
    "days-of-week": "All days of the week except Sunday", 
    "name": "shree krishna parnami mandir", 
    "timings": "10:00 AM - 9:00 PM"
  }, 
  {
    "name": "dadavadi mandir"
  }, 
  {
    "days-of-week": "All days of the week", 
    "name": "kaal bhairav temple", 
    "timings": "9:00 AM - 4:30 PM"
  }, 
  {
    "name": "shree kamleshwar mahadev mandir"
  }, 
  {
    "name": "hinglaj mata mandir"
  }, 
  {
    "name": "shree bheru nath ji ka mandir"
  }, 
  {
    "days-of-week": "All days of the week", 
    "name": "khole ke hanuman ji", 
    "timings": "6:00 AM - 8:30 PM"
  }, 
  {
    "name": "shri badrinath mandir"
  }, 
  {
    "name": "shri ghat balaji temple"
  }, 
  {
    "days-of-week": "All days of the week", 
    "name": "murlimanohar mandir", 
    "timings": "4:00 AM - 8:00 PM"
  }, 
  {
    "name": "char darwaja"
  }, 
  {
    "days-of-week": "All days of the week", 
    "name": "lata cinema", 
    "prices": {
      "per person": "60"
    }, 
    "timings": "10:30 AM - 12:00 AM"
  }, 
  {
    "days-of-week": "All days of the week", 
    "name": "entertainment paradise", 
    "prices": {
      "per person": "200"
    }, 
    "timings": "9:00 AM - 12:00 AM"
  }, 
  {
    "name": "minerva cinema", 
    "prices": {
      "per person": "25"
    }
  }, 
  {
    "days-of-week": "All days of the week", 
    "name": "raj mandir cinema", 
    "prices": {
      "per person": "100"
    }, 
    "timings": "12:30 PM - 9:30PM"
  }, 
  {
    "days-of-week": "All days of the week", 
    "name": "sisodia rani palace and garden", 
    "prices": {
      "per person": "10"
    }, 
    "timings": "8:00 AM - 6:00 PM"
  }, 
  {
    "days-of-week": "All days of the week", 
    "name": "mubarak mahal", 
    "prices": {
      "per person For Foreign Tourists": "300", 
      "per person For Indians": "75"
    }, 
    "timings": "9:30 AM - 5:00 PM"
  }, 
  {
    "days-of-week": "All days of the week", 
    "name": "govind devji temple", 
    "prices": {
      "no entry fee": "0"
    }, 
    "timings": null
  }, 
  {
    "days-of-week": "All days of the week", 
    "name": "central park", 
    "prices": {
      "": "0"
    }, 
    "timings": "4:00 AM - 11:00 PM"
  }, 
  {
    "days-of-week": "All days of the week", 
    "name": "galtaji temple", 
    "timings": "5:00 AM  - 9:00 PM"
  }, 
  {
    "name": "shri maleshwar mandir"
  }, 
  {
    "days-of-week": "All days of the week", 
    "name": "polo victory cinema hall", 
    "timings": "11:00 AM - 9:30 PM"
  }, 
  {
    "name": "ishwar lat"
  }, 
  {
    "name": "amar jawan jyoti", 
    "prices": {}
  }, 
  {
    "days-of-week": "All days of the week", 
    "name": "baggi khana", 
    "prices": {
      "Per Person Foreign Adult": "300", 
      "per person Foreign Child (5-12yrs)": "200", 
      "per person Indian Adult": "75", 
      "per person Indian Child (5-12yrs)": "40"
    }, 
    "timings": "9:30 AM - 6:00 PM"
  }, 
  {
    "days-of-week": "All days of the week", 
    "name": "artchill gallery", 
    "timings": "8:30 AM - 6:30 AM"
  }, 
  {
    "days-of-week": "Mon, Tue, Wed, Thu, Fri", 
    "name": "samanvai", 
    "timings": "11:00 AM - 5:00 PM"
  }, 
  {
    "days-of-week": "All days of the week except Sunday", 
    "name": "shrinath art gallery", 
    "timings": "10:00 AM - 8:00 PM"
  }, 
  {
    "days-of-week": "All days of the week except Sunday", 
    "name": "dwarkas jewellers", 
    "timings": "9:30 AM - 7:30 PM"
  }, 
  {
    "days-of-week": "All days of the week", 
    "name": "kalaneri art gallery", 
    "timings": "7:00 AM - 8:30 PM"
  }, 
  {
    "days-of-week": "All days of the week", 
    "name": "ica gallery", 
    "timings": "10:00 AM - 6:00 PM"
  }, 
  {
    "days-of-week": "All days of the week", 
    "name": "juneja art gallery", 
    "timings": "10:00 AM - 8:00 PM"
  }, 
  {
    "days-of-week": "All days of the week", 
    "name": "juneja art gallery", 
    "timings": "10:00 AM - 8:00 PM"
  }, 
  {
    "name": "ishwar lat", 
    "prices": {
      "per person for adults": "20"
    }
  }, 
  {
    "name": "calvary bible church", 
    "prices": {}
  }, 
  {
    "name": "chamtkareshwar hanuman temple"
  }, 
  {
    "name": "akbar kos minar", 
    "prices": {}
  }, 
  {
    "name": "the statue circle", 
    "prices": {
      "No entry fee": "0"
    }
  }, 
  {
    "days-of-week": "All days of the week", 
    "name": "surya mandir", 
    "timings": "5:00 AM - 5:30 PM"
  }, 
  {
    "name": "baglamukhi sadhna kendra"
  }, 
  {
    "days-of-week": "All days of the week", 
    "name": "diwan-e-am", 
    "timings": "9:30 AM - 6:00 PM"
  }, 
  {
    "days-of-week": "Mon, Tue, Wed, Thu, Fri", 
    "name": "jhalana nature park (nahagarh biological park)", 
    "timings": "9:00 AM - 5:00 PM"
  }, 
  {
    "name": "jain mandir"
  }, 
  {
    "days-of-week": "All days of the week", 
    "name": "inox", 
    "timings": "9:30 AM - till late (Depending upon the show)"
  }, 
  {
    "name": "fun cinema"
  }, 
  {
    "name": "mata mandir"
  }, 
  {
    "name": "shree ganesh dham", 
    "prices": {}
  }, 
  {
    "name": "durga mata mandir"
  }, 
  {
    "name": "agape fellowship church"
  }, 
  {
    "name": "fun cinema"
  }, 
  {
    "name": "amer mavtha", 
    "prices": {}
  }, 
  {
    "name": "shree lal hanuman mandir", 
    "prices": {}
  }, 
  {
    "name": "hanumanji mandir"
  }, 
  {
    "name": "shree gopinath mandir"
  }, 
  {
    "name": "bheru temple"
  }, 
  {
    "name": "mangal ganesh temple"
  }, 
  {
    "name": "baradiwale babaji temple"
  }, 
  {
    "name": "maharani palace"
  }, 
  {
    "name": "guru maharaj mandir"
  }, 
  {
    "name": "bheru temple"
  }, 
  {
    "name": "shri krishna mandir"
  }, 
  {
    "name": "hari mandir"
  }, 
  {
    "name": "bhagwan jagdish temple"
  }, 
  {
    "name": "shree maheshwar mandir"
  }, 
  {
    "name": "chahal art gallery"
  }, 
  {
    "name": "brethren church"
  }, 
  {
    "name": "santoshi mata mandir"
  }, 
  {
    "name": "nand mahal"
  }, 
  {
    "name": "swami ganga das mandir"
  }, 
  {
    "name": "tatkal bhairav mandir"
  }, 
  {
    "name": "badaran temple"
  }, 
  {
    "name": "mandir shree gopinathji"
  }, 
  {
    "name": "om chandreshwar mahadev mandir"
  }, 
  {
    "days-of-week": "Mon, Tue, Wed, Thu, Fri", 
    "name": "mandir shri veer teja ji", 
    "timings": "6:00 AM - 10:00 PM"
  }, 
  {
    "days-of-week": "All days of the week", 
    "name": "brij nidhi mandir", 
    "timings": null
  }, 
  {
    "name": "ag church"
  }, 
  {
    "name": "mansamata temple"
  }, 
  {
    "name": "arya nagar temple"
  }, 
  {
    "days-of-week": "All days of the week", 
    "name": "bhuteshwar mahadev temple", 
    "timings": "12:00 AM - 11:59 PM"
  }, 
  {
    "name": "siddhi vinayak temple"
  }, 
  {
    "days-of-week": "All days of the week except Sunday", 
    "name": "sri shitala mata mandir", 
    "timings": "10:00 AM - 6:00 PM"
  }, 
  {
    "name": "sri narayan guru mandir"
  }, 
  {
    "name": "siddheshwar mahadev mandir"
  }, 
  {
    "name": "mandir shri sita ram ji"
  }, 
  {
    "name": "shree radha krishan mandir"
  }, 
  {
    "name": "shri jameshwar mandir"
  }, 
  {
    "name": "shree shiv shakthi temple"
  }, 
  {
    "name": "shiv shankar temple"
  }, 
  {
    "name": "sankat mochan hanuman mandir"
  }, 
  {
    "name": "radha govind mandir"
  }, 
  {
    "name": "shree mahaveer digambar jain temple"
  }, 
  {
    "name": "teja ji maharaj's temple"
  }, 
  {
    "name": "mahakal mahadev mandir"
  }, 
  {
    "name": "mahadev temple"
  }, 
  {
    "name": "mahadev temple"
  }, 
  {
    "name": "maha savitri mandir"
  }, 
  {
    "name": "mahadev temple"
  }, 
  {
    "name": "lakshmi mandir theatre"
  }, 
  {
    "name": "janaki balaji mandir"
  }, 
  {
    "name": "jai hanuman mandir"
  }, 
  {
    "days-of-week": "All days of the week", 
    "name": "jagdish mandir", 
    "timings": "6:00 AM - 8:00 PM"
  }, 
  {
    "name": "jogeshwari mahadev mandir"
  }, 
  {
    "name": "bhawani mataji mandir"
  }, 
  {
    "name": "annat devji mandir"
  }, 
  {
    "name": "thakur temple"
  }, 
  {
    "name": "shiv temple tagore nagar", 
    "prices": {}
  }, 
  {
    "name": "suraj devra mandir"
  }, 
  {
    "name": "shri veer hanuman mandir"
  }, 
  {
    "name": "shree shani dev mandir"
  }, 
  {
    "name": "sri sankat mochan hanuman mandir"
  }, 
  {
    "name": "sri ram jal mandir"
  }, 
  {
    "name": "shri ram chander ji mandir"
  }, 
  {
    "name": "sri manshapurn mahadev"
  }, 
  {
    "days-of-week": "All days of the week", 
    "name": "shree mahakaleshwar mahadev mandir", 
    "timings": "12:00 AM - 12:00 AM"
  }, 
  {
    "name": "sri gyaneshwer maharaj mandir"
  }, 
  {
    "name": "siddhi vinayak mandir"
  }, 
  {
    "name": "shri mangleshwar mahadev mandir"
  }, 
  {
    "name": "shri laxmi narayan mandir"
  }, 
  {
    "name": "shree ram shiv mandir"
  }, 
  {
    "name": "shri tatkaleshwar shiv mandir"
  }, 
  {
    "name": "shiv hanuman temple"
  }, 
  {
    "name": "shiv hanuman mandir"
  }, 
  {
    "name": "shiv and hanuman temple"
  }, 
  {
    "name": "gauri shankar mandir"
  }, 
  {
    "name": "shani mandir"
  }, 
  {
    "name": "shani dev mandir"
  }, 
  {
    "name": "om shiv hanuman mandir"
  }, 
  {
    "name": "satyanarayan mandir"
  }, 
  {
    "name": "chintaharan hanuman mandir"
  }, 
  {
    "name": "hanumanji temple"
  }, 
  {
    "name": "gopeshwar mahadev mandir", 
    "prices": {}
  }, 
  {
    "name": "bheru jee ka mandir"
  }, 
  {
    "name": "durga mata temple"
  }, 
  {
    "name": "ganesh and shiv temple"
  }, 
  {
    "name": "dakshin mukhi balaji hanuman mandir"
  }, 
  {
    "name": "ambikeshwar mahadev mandir"
  }, 
  {
    "name": "ashutosh mahadev mandir"
  }, 
  {
    "name": "balmikeshver mandir"
  }, 
  {
    "name": "asha ram puram mahadev mandir"
  }, 
  {
    "name": "bhagwan vishnu mandir"
  }, 
  {
    "name": "gayatri chan mandir"
  }, 
  {
    "name": "biradraj temple"
  }, 
  {
    "name": "durga mata mandir"
  }, 
  {
    "name": "biyarji mandir"
  }, 
  {
    "name": "gyara rudra mahadev mandir"
  }, 
  {
    "name": "shiv mandir"
  }, 
  {
    "name": "bheru ji mandir"
  }, 
  {
    "name": "dev narayan temple"
  }, 
  {
    "name": "mahadev mandir"
  }, 
  {
    "name": "surya dev sarvajanik mandir"
  }, 
  {
    "days-of-week": "All days of the week", 
    "name": "mandir shree baldev ji", 
    "timings": "12:00 AM - 12:00 AM"
  }, 
  {
    "name": "shiv gyan mandir"
  }, 
  {
    "name": "mandir shri rameshwar mahadev"
  }, 
  {
    "name": "mata mandir"
  }, 
  {
    "name": "shree mahakaleshwar mahadev mandir"
  }, 
  {
    "name": "mahadev mandir"
  }, 
  {
    "name": "jhulelal temple"
  }, 
  {
    "name": "jhulelal mandir"
  }, 
  {
    "name": "hansh vihar mandir"
  }, 
  {
    "name": "durga temple"
  }, 
  {
    "name": "bhumiya mata temple"
  }, 
  {
    "name": "bal nath mandir"
  }, 
  {
    "name": "astbhuja temple"
  }, 
  {
    "name": "shree shiridi sai mandir"
  }, 
  {
    "days-of-week": "All days of the week", 
    "name": "jai niwas garden", 
    "timings": "9:30 AM - 4:45 PM"
  }, 
  {
    "name": "aradhana sthal temple"
  }, 
  {
    "name": "hanuman mandir"
  }, 
  {
    "name": "jhalana park"
  }, 
  {
    "days-of-week": "Sun", 
    "name": "marthoma church", 
    "timings": "8:30 PM - 11:00 AM"
  }, 
  {
    "name": "mnit temple"
  }, 
  {
    "name": "durga mandir"
  }, 
  {
    "name": "geeta mandir"
  }, 
  {
    "name": "ganga mata mandir"
  }, 
  {
    "name": "mani mahal"
  }, 
  {
    "name": "ajmera garden", 
    "prices": {}
  }, 
  {
    "days-of-week": "Fri", 
    "name": "sda church", 
    "timings": "6:30 PM - 8:00 PM"
  }, 
  {
    "name": "laxmi narayan temple"
  }, 
  {
    "name": "ganesh mandir"
  }, 
  {
    "name": "shri siddheshwar mahadev mandir"
  }, 
  {
    "name": "ram hanuman mandir"
  }, 
  {
    "name": "mangla mata temple"
  }, 
  {
    "name": "shri jhulelal mandir"
  }, 
  {
    "name": "tatkaleshwar mahadev mandir"
  }, 
  {
    "name": "radha krishna mandir"
  }, 
  {
    "name": "catholic church", 
    "prices": {}
  }, 
  {
    "name": "amer park"
  }, 
  {
    "name": "shri ram mandir"
  }, 
  {
    "name": "mandir shree chintaharan hanuman mandir"
  }, 
  {
    "name": "hanuman temple"
  }, 
  {
    "name": "amer rf narayangarh rf mahabali"
  }, 
  {
    "name": "ambagarh reserve forest", 
    "prices": {}
  }, 
  {
    "name": "shaheed bhagat singh park"
  }, 
  {
    "days-of-week": "All days of the week", 
    "name": "jorawar singh gate", 
    "prices": {}, 
    "timings": "12:00 AM - 11:59 PM"
  }, 
  {
    "name": "ram ganj chaupar"
  }, 
  {
    "name": "surajpol gate"
  }, 
  {
    "name": "ghat gate", 
    "prices": {}
  }, 
  {
    "name": "st xaviers church"
  }, 
  {
    "name": "charbhuja mandir"
  }, 
  {
    "name": "saroj cinema hall"
  }, 
  {
    "name": "big cinemas cinestar"
  }, 
  {
    "name": "gem cinema"
  }, 
  {
    "name": "jaivana cannon", 
    "prices": {}
  }, 
  {
    "name": "hanuman mandir"
  }, 
  {
    "name": "shiv temple"
  }, 
  {
    "name": "first india news"
  }, 
  {
    "name": "church of god"
  }, 
  {
    "name": "birla temple"
  }, 
  {
    "days-of-week": "All days of the week", 
    "name": "sky waltz cafe", 
    "timings": "8:30 AM - 11:45 PM"
  }, 
  {
    "name": "first india news"
  }, 
  {
    "days-of-week": "Sat", 
    "name": "full gospel church,jaipur", 
    "timings": "9:30 AM - 11:00 AM"
  }, 
  {
    "days-of-week": "Sat", 
    "name": "full gospel church,jaipur", 
    "timings": "9:30 AM - 11:00 AM"
  }
]