[
  {
    "days-of-week": "All days of the week", 
    "name": "mehrangarh fort", 
    "prices": {
      "per person for foreigner tourists": "400", 
      "per person for indians": "60"
    }, 
    "timings": "9:00 AM - 5:00 PM "
  }, 
  {
    "days-of-week": "All days of the week", 
    "name": "umaid bhawan palace", 
    "prices": {
      "per person for Indians": "15", 
      "per person for foreign tourists": "50"
    }, 
    "timings": "9:00 AM - 5:00 PM"
  }, 
  {
    "days-of-week": "All days of the week", 
    "name": "jaswant thada", 
    "prices": {
      "per camcorder": "50", 
      "per person for Indians": "15", 
      "per person for foreign tourists": "30", 
      "per still camera": "25"
    }, 
    "timings": "9:00 AM  - 5:00 PM"
  }, 
  {
    "days-of-week": "All days of the week", 
    "name": "kheechan bird sanctuary", 
    "prices": {
      "no entry fee": "0"
    }, 
    "timings": "12:00 AM - 12:00 PM"
  }, 
  {
    "days-of-week": "All days of the week", 
    "name": "udai mandir", 
    "prices": {
      "no entry fee": "0"
    }, 
    "timings": "9:00 AM - 3:00 PM"
  }, 
  {
    "days-of-week": "All days of the week", 
    "name": "sardar samand lake", 
    "prices": {
      "no entry fee": "0"
    }, 
    "timings": "12:00 AM - 12:00 PM"
  }, 
  {
    "days-of-week": "All days of the week", 
    "name": "balsamand lake", 
    "prices": {
      "no entry fee": "0"
    }, 
    "timings": "12:00 AM - 12:00 AM"
  }, 
  {
    "days-of-week": "All days of the week", 
    "name": "mehrangarh fort museum", 
    "prices": {
      "per camcoder": "200", 
      "per person onwards (includes still camera fee and audio guide)": "250"
    }, 
    "timings": "9:00 AM - 5:00 PM"
  }, 
  {
    "days-of-week": "All days of the week", 
    "name": "ganesh temple", 
    "prices": {
      "no entry fee": "0"
    }, 
    "timings": null
  }, 
  {
    "days-of-week": "All days of the week", 
    "name": "chamunda mata mandir", 
    "prices": {
      "no entry fee": "0"
    }, 
    "timings": null
  }, 
  {
    "days-of-week": "All days of the week except Friday", 
    "name": "sardar government museum", 
    "prices": {
      "per person for foreigner tourists": "50", 
      "per person for indians": "5"
    }, 
    "timings": "10:00 AM - 5:00 PM"
  }, 
  {
    "days-of-week": "All days of the week", 
    "name": "dhawa doli wildlife sanctuary", 
    "prices": {
      "no entry fee": "0"
    }, 
    "timings": "12:00 AM - 12:00 PM"
  }, 
  {
    "days-of-week": "All days of the week", 
    "name": "umaid bhawan palace museum", 
    "prices": {
      "per person for children 5-11 years": "10", 
      "per person for foreigner tourists": "100", 
      "per person for indians": "30"
    }, 
    "timings": "10:00 AM - 4:30 PM"
  }, 
  {
    "days-of-week": "All days of the week except Saturday", 
    "name": "loha pol", 
    "prices": {
      "per person Foreign nationals": "250", 
      "per person Indians": "20"
    }, 
    "timings": "9:00 AM - 5:00 PM"
  }, 
  {
    "days-of-week": "All days of the week", 
    "name": "mehrangarh gate", 
    "prices": {
      "per person Foreign Nationals (for Mehrangarh fort)": "250", 
      "per person Indians (for Mehrangarh fort)": "20"
    }, 
    "timings": "9:00 AM - 5:00 PM"
  }, 
  {
    "days-of-week": "All days of the week", 
    "name": "kaylana lake", 
    "prices": {
      "no entry fee": "0"
    }, 
    "timings": "12:00 AM - 12:00 PM"
  }, 
  {
    "days-of-week": "All days of the week", 
    "name": "jai pol", 
    "prices": {}, 
    "timings": "9:00 AM - 5:00 PM"
  }, 
  {
    "days-of-week": "All days of the week", 
    "name": "phool mahal", 
    "prices": {
      "per person Foreign nationals (for Mehrangarh fort)": "250", 
      "per person Indians (for Mehrangarh fort)": "20"
    }, 
    "timings": "9:00 AM - 5:00 PM"
  }, 
  {
    "days-of-week": "All days of the week", 
    "name": "moti mahal", 
    "prices": {
      "per person Foreign Nationals (Mehrangarh fort entry fee)": "250", 
      "per person Indians (Mehrangarh fort entry fee)": "20"
    }, 
    "timings": "9:00 AM - 5:00 PM"
  }, 
  {
    "days-of-week": "All days of the week", 
    "name": "mahamandir temple", 
    "prices": {
      "no entry fee": "0"
    }, 
    "timings": null
  }, 
  {
    "days-of-week": "All days of the week", 
    "name": "zenana mahal", 
    "prices": {
      "per person": "400"
    }, 
    "timings": "9:00 AM - 5:00 PM"
  }, 
  {
    "days-of-week": "All days of the week", 
    "name": "mandore gardens", 
    "prices": {
      "per person Museum": "50"
    }, 
    "timings": "8:00 AM - 8:00 PM"
  }, 
  {
    "days-of-week": "All days of the week", 
    "name": "hall of the heroes", 
    "prices": {}, 
    "timings": "9:00 AM - 6:00 PM"
  }, 
  {
    "days-of-week": "All days of the week", 
    "name": "baba ramdev temple ", 
    "prices": {
      "no entry fee": "0"
    }, 
    "timings": null
  }, 
  {
    "name": "arna jharna"
  }, 
  {
    "name": "city wall"
  }, 
  {
    "name": "machiya safari park"
  }, 
  {
    "name": "bhagat ki kothi", 
    "prices": {}
  }, 
  {
    "name": "chamunda mata temple"
  }, 
  {
    "name": "takhat sagar lake"
  }, 
  {
    "name": "shrine of the three hundred million gods"
  }, 
  {
    "name": "santoshi mata temple"
  }, 
  {
    "name": "nehru park exit"
  }, 
  {
    "name": "nehru park entry"
  }, 
  {
    "name": "ns garden"
  }, 
  {
    "name": "ganesh mandir"
  }, 
  {
    "name": "mahaveer vatika"
  }, 
  {
    "name": "masuriya hill garden"
  }, 
  {
    "name": "achal nath mandir"
  }, 
  {
    "name": "bhairav mandir", 
    "prices": {
      "no entry fee": "0"
    }
  }, 
  {
    "name": "nav durga mandir"
  }, 
  {
    "name": "mancha purna mandir"
  }, 
  {
    "name": "tejaji mandir"
  }, 
  {
    "name": "st sebastians church"
  }, 
  {
    "name": "pal balaji mandir"
  }, 
  {
    "name": "ranchodji mandir"
  }, 
  {
    "name": "mata jagdamba temple"
  }, 
  {
    "name": "shri narvadeshwar mandir"
  }, 
  {
    "name": "ravna rajpur bagichi temple"
  }, 
  {
    "name": "ravna rajpur mandir"
  }, 
  {
    "name": "shri hanuman mandir"
  }, 
  {
    "name": "prachin shiv mandir"
  }, 
  {
    "name": "ranchhar ray mandir"
  }, 
  {
    "name": "shri maha kaleshwar mahadev mandir"
  }, 
  {
    "name": "kamleshwar mahadev mandir"
  }, 
  {
    "name": "shri lakshmi narayan mandir"
  }, 
  {
    "name": "shri juna kherapati hanuman mandir"
  }, 
  {
    "name": "juna khera mandir"
  }, 
  {
    "name": "mahadev mandir"
  }, 
  {
    "name": "neelkanth mahadev mandir"
  }, 
  {
    "name": "chamunda mandir"
  }, 
  {
    "name": "pipaleshwar mahadev mandir"
  }, 
  {
    "name": "maa bhawani sawari mandir"
  }, 
  {
    "name": "ramdev ji mandir"
  }, 
  {
    "name": "raghunath ji mandir"
  }, 
  {
    "name": "shri nag dadasa dadisa mandir"
  }, 
  {
    "name": "shri radha kirishna mandir"
  }, 
  {
    "name": "shri ashapura mata bala ji mandir"
  }, 
  {
    "name": "shri ram hanuman mandir"
  }, 
  {
    "name": "karani bala ji mandir"
  }, 
  {
    "name": "gayatri mata mandir"
  }, 
  {
    "name": "bhagat ji mandir"
  }, 
  {
    "name": "machapurn mahadev sai dham"
  }, 
  {
    "name": "shri chamunda mata mandir"
  }, 
  {
    "name": "shri om panch kailashseshwar mahadev mandir and maa durga anant bhawani mandir"
  }, 
  {
    "name": "shri bhumiya ji mandir"
  }, 
  {
    "name": "shri pal balaji mandir"
  }, 
  {
    "name": "shri ram mandir"
  }, 
  {
    "name": "panchdev shiv mandir"
  }, 
  {
    "name": "sai dham mandir"
  }, 
  {
    "name": "sri ganesh mandir"
  }, 
  {
    "name": "shri meldhi mata ji mandir"
  }, 
  {
    "name": "bhay ganga mata ka mandir"
  }, 
  {
    "name": "shri ridhi sidhi ganesh darbar"
  }, 
  {
    "name": "sri jai babari"
  }, 
  {
    "name": "jai maa chamunda mandir"
  }, 
  {
    "name": "bhumiya ji mandir"
  }, 
  {
    "name": "gupteswar shiv hanuman mandir"
  }, 
  {
    "name": "shri satya narayan bhagwan mandir"
  }, 
  {
    "name": "sindu mahadev mandir"
  }, 
  {
    "name": "bara ramdwara"
  }, 
  {
    "name": "shri chamunda mandir"
  }, 
  {
    "name": "central methodist church"
  }, 
  {
    "name": "shri mansapuran balaji mandir"
  }, 
  {
    "name": "sri ram dwara"
  }, 
  {
    "name": "bayo sa mandir"
  }, 
  {
    "name": "st andrews hall church"
  }, 
  {
    "name": "sommer ville memorial church jodhpur"
  }, 
  {
    "name": "madhuvan balaji mandir"
  }, 
  {
    "name": "madhuvan mahadev mandir"
  }, 
  {
    "name": "madhukeshwar mahadev mandir"
  }, 
  {
    "name": "shri sidhi vinayak mandir"
  }, 
  {
    "name": "shri ramdev ji mandir"
  }, 
  {
    "name": "nilkanth mahadev mandir"
  }, 
  {
    "name": "pentecostial misson church"
  }, 
  {
    "name": "shri veer teja mandir"
  }, 
  {
    "name": "shri kali badi"
  }, 
  {
    "name": "siddheshwar mahadev mandir"
  }, 
  {
    "name": "lodha kuldevi sri barmata mandir"
  }, 
  {
    "name": "shri somnath mahadev mandir"
  }, 
  {
    "name": "shri vaneshwar mahadev mandir"
  }, 
  {
    "name": "shani dev mandir"
  }, 
  {
    "name": "shri rameshwar mahadev mandir"
  }, 
  {
    "name": "shri dariyavji ka mandir"
  }, 
  {
    "name": "shri ganesh mandir"
  }, 
  {
    "name": "vishwakarma mandir"
  }, 
  {
    "name": "badleshwar mahadev mandir"
  }, 
  {
    "name": "shri rajaji ranchhor mandir"
  }, 
  {
    "name": "mandore garden gate 1"
  }, 
  {
    "name": "shri pipleshwer mahadev mandir"
  }, 
  {
    "name": "teeja mata ka mandir"
  }, 
  {
    "name": "shri ajanand mandir"
  }, 
  {
    "name": "suganeshwar mahadev mandir"
  }, 
  {
    "name": "mandore garden gate 2"
  }, 
  {
    "name": "shri krishana mandir"
  }, 
  {
    "name": "ichchhapurn hanuman mandir"
  }, 
  {
    "name": "thakur ji mandir"
  }, 
  {
    "name": "shri bala sati mata mandir"
  }, 
  {
    "name": "shri 1008 bala sati mata bird centurion"
  }, 
  {
    "name": "baba ramdev mandir"
  }, 
  {
    "name": "shri ikshapurn balaji mandir"
  }, 
  {
    "name": "shri balaji mandir"
  }, 
  {
    "name": "fateh sagar"
  }, 
  {
    "name": "naini ji mandir"
  }, 
  {
    "name": "natho bagichi forest"
  }, 
  {
    "name": "shri krishna mandir"
  }, 
  {
    "name": "man sagar"
  }, 
  {
    "name": "jalandhar nath ji mandir"
  }, 
  {
    "name": "shiv shakti nagar vatchnalay maha mandir"
  }, 
  {
    "name": "filadelfia fellow ship church of india"
  }, 
  {
    "name": "eklavya mahadev mandir"
  }, 
  {
    "name": "shiv ganesh mandir"
  }, 
  {
    "name": "jagdamba temple"
  }, 
  {
    "name": "sri balaji temple"
  }, 
  {
    "name": "arya samaj mandir"
  }, 
  {
    "name": "sri jagdamba mandir"
  }, 
  {
    "name": "jagdamba mata mandir"
  }, 
  {
    "name": "radhe krishna mandir"
  }, 
  {
    "name": "sri hanuman mandir"
  }, 
  {
    "name": "maa ambay temple"
  }, 
  {
    "name": "shanidev mandir"
  }, 
  {
    "name": "sri veer tej singh mandir"
  }, 
  {
    "name": "sri sidheshwar ganesh mandir"
  }, 
  {
    "name": "sri sangeshwar shiv mandir"
  }, 
  {
    "name": "akhileshwar dham mandir"
  }, 
  {
    "name": "bulan divya mandir"
  }, 
  {
    "name": "gangeshwar mandir"
  }, 
  {
    "name": "st the resa catholic child church"
  }, 
  {
    "name": "durga maa mandir"
  }, 
  {
    "name": "manohar art gallery"
  }, 
  {
    "name": "sri chamunda mata mandir"
  }, 
  {
    "name": "sri udashin ashram mandir"
  }, 
  {
    "name": "upkeshwarji temple"
  }, 
  {
    "name": "umaid sagar"
  }, 
  {
    "name": "swami vivekanand park"
  }, 
  {
    "name": "suswani mata temple"
  }, 
  {
    "name": "suraj garden"
  }, 
  {
    "name": "soor sagar"
  }, 
  {
    "name": "shyam manohar temple"
  }, 
  {
    "name": "shivdatta ji mahadev mandir"
  }, 
  {
    "name": "shiv mandir"
  }, 
  {
    "name": "shiv krishna mandir"
  }, 
  {
    "name": "shiv ji temple"
  }, 
  {
    "name": "sachiya mata temple"
  }, 
  {
    "name": "ramdev mandir"
  }, 
  {
    "name": "radha krishna mandir"
  }, 
  {
    "name": "pratapeswar temple"
  }, 
  {
    "name": "pancheshwar mahadev temple"
  }, 
  {
    "name": "open air theatre"
  }, 
  {
    "name": "neelkanth mahadev temple"
  }, 
  {
    "name": "mutha mandir"
  }, 
  {
    "name": "mathura mangalam garden"
  }, 
  {
    "name": "mata mandir"
  }, 
  {
    "name": "chamundat mata mandir"
  }, 
  {
    "name": "maharishi dadhichi garden"
  }, 
  {
    "name": "ludharva mata mandir"
  }, 
  {
    "name": "lord shiva temple"
  }, 
  {
    "name": "lord ganesh mandir"
  }, 
  {
    "name": "loco hanuman mandir"
  }, 
  {
    "name": "laxmi narayan mandir"
  }, 
  {
    "name": "lalgarh temple"
  }, 
  {
    "name": "lal sagar"
  }, 
  {
    "name": "krishna mandir"
  }, 
  {
    "name": "kali mata mandir"
  }, 
  {
    "name": "jabar nath mahadev mandir"
  }, 
  {
    "name": "hanwant garden"
  }, 
  {
    "name": "hamid bagh"
  }, 
  {
    "name": "eaklangi mahadev mandir"
  }, 
  {
    "name": "durga mandir"
  }, 
  {
    "name": "dodidar temple"
  }, 
  {
    "name": "devi mandir"
  }, 
  {
    "name": "dali bai mandir"
  }, 
  {
    "name": "chopasni mandir"
  }, 
  {
    "name": "bheruji mandir"
  }, 
  {
    "name": "ayyappa temple"
  }, 
  {
    "name": "ashapura mata mandir"
  }, 
  {
    "name": "amarnath temple"
  }, 
  {
    "name": "air force mandir"
  }, 
  {
    "name": "hanuman mandir"
  }, 
  {
    "name": "ghanshyam mandir"
  }, 
  {
    "name": "bhootnath temple"
  }, 
  {
    "name": "jagnath mandir"
  }, 
  {
    "name": "pantheshwar mahadev temple"
  }, 
  {
    "name": "ram mandir"
  }, 
  {
    "name": "ratanada palace"
  }, 
  {
    "name": "umaid garden"
  }, 
  {
    "name": "gregorios"
  }, 
  {
    "name": "santoshi mata mandir"
  }, 
  {
    "name": "umaid talab"
  }, 
  {
    "name": "kaviraja sahib ki haveli"
  }, 
  {
    "name": "haldi ghati"
  }, 
  {
    "name": "gulab sagar"
  }, 
  {
    "name": "kohinoor cinema exit gate"
  }, 
  {
    "name": "kohinoor cinema entry gate"
  }, 
  {
    "name": "golden cinema"
  }, 
  {
    "name": "satyam cineplex"
  }, 
  {
    "name": "kohinoor cinema hall"
  }, 
  {
    "name": "stadium cinema hall"
  }, 
  {
    "name": "new kohinoor cinema"
  }, 
  {
    "name": "nasarani cinema"
  }, 
  {
    "name": "kalptaru cinema"
  }, 
  {
    "name": "darpan cinema"
  }, 
  {
    "name": "anand cinema"
  }, 
  {
    "name": "mandor garden"
  }
]