[
  {
    "days-of-week": "All days of the week", 
    "name": "dargah of khwaja muin-ud-din chishti", 
    "prices": {
      "no entry fee": "0"
    }, 
    "timings": "Summers: 4:30 AM - 9:30 PM"
  }, 
  {
    "days-of-week": "All days of the week", 
    "name": "pataleshwar temple", 
    "prices": {
      "no entry fee": "0"
    }, 
    "timings": "5:00 AM - 8:00 PM"
  }, 
  {
    "days-of-week": "All days of the week", 
    "name": "durga bagh gardens", 
    "prices": {
      "no entry fee": "0"
    }, 
    "timings": "9:00 AM - 6:00 PM"
  }, 
  {
    "days-of-week": "All days of the week", 
    "name": "akbar\u2019s palace and museum", 
    "prices": {
      "per person for Indians": "10", 
      "per person for foreign tourists": "50"
    }, 
    "timings": "10:00 AM - 5:00 PM"
  }, 
  {
    "days-of-week": "All days of the week", 
    "name": "brahma temple", 
    "prices": {
      "No entry fee": "0"
    }, 
    "timings": null
  }, 
  {
    "days-of-week": "All days of the week", 
    "name": "taragarh fort", 
    "prices": {
      "no entry fee": "0"
    }, 
    "timings": "9:00 AM - 6:30 PM"
  }, 
  {
    "name": "varaha temple"
  }, 
  {
    "days-of-week": "All days of the week", 
    "name": "ana sagar lake", 
    "prices": {
      "per person for boating": "160"
    }, 
    "timings": "8:00 AM - 8:00 PM"
  }, 
  {
    "days-of-week": "All days of the week", 
    "name": "savitri temple", 
    "prices": {
      "no entry fee": "0"
    }, 
    "timings": null
  }, 
  {
    "days-of-week": "All days of the week", 
    "name": "lake foy sagar", 
    "prices": {
      "no entry fee": "0"
    }, 
    "timings": "6:00 AM - 7:00 PM"
  }, 
  {
    "name": "adhai din ka jhonpra", 
    "prices": {
      "no entry fee": "0"
    }
  }, 
  {
    "name": "shri rangnath swami temple"
  }, 
  {
    "days-of-week": "All days of the week", 
    "name": "soni ji ki nasiyan", 
    "prices": {
      "per person for Indians": "10", 
      "per person for foreign tourists": "25"
    }, 
    "timings": "9:00 AM - 4:00 PM"
  }, 
  {
    "days-of-week": "All days of the week", 
    "name": "nakkarkhana", 
    "prices": {
      "no entry fee": "0"
    }, 
    "timings": "9:00 AM - 6:00 PM"
  }, 
  {
    "days-of-week": "All days of the week", 
    "name": "anted ki mata mandir", 
    "prices": {
      "no entry fee": "0"
    }, 
    "timings": null
  }, 
  {
    "days-of-week": "All days of the week", 
    "name": "abdullah khan's tomb\t\t\t\t\t\t\t\t", 
    "prices": {
      "no entry fee": "0"
    }, 
    "timings": "9:00 AM - 6:00 PM"
  }, 
  {
    "days-of-week": "All days of the week", 
    "name": "glitz cine world", 
    "prices": {
      "per person": "100"
    }, 
    "timings": "9:45 AM - 9:30 PM"
  }, 
  {
    "days-of-week": "All days of the week", 
    "name": "nareli tirth", 
    "prices": {
      "no entry fee": "0", 
      "per bus entry fee only for buses": "200"
    }, 
    "timings": "7:00 AM - 7:00 PM"
  }, 
  {
    "days-of-week": "All days of the week", 
    "name": "new majestic cinema hall", 
    "timings": "10:00 AM - 11:30 PM"
  }, 
  {
    "name": "kishangarh"
  }, 
  {
    "name": "mayo college museum"
  }, 
  {
    "name": "ajmer fort"
  }, 
  {
    "name": "ajmer museum"
  }, 
  {
    "name": "maya mandir cinema"
  }, 
  {
    "name": "jawahar rangmanch"
  }, 
  {
    "name": "maharaja daharsen smarak"
  }, 
  {
    "name": "baradari"
  }, 
  {
    "name": "mridang cinema"
  }, 
  {
    "name": "craft museum"
  }, 
  {
    "name": "open air amphi theatre"
  }, 
  {
    "name": "rowing lake"
  }, 
  {
    "name": "school museum of art and natural history"
  }, 
  {
    "name": "war memorial"
  }, 
  {
    "name": "rajiv smriti van"
  }, 
  {
    "name": "usari gate"
  }, 
  {
    "name": "delhi gate"
  }, 
  {
    "name": "agra gate"
  }, 
  {
    "name": "taran taal"
  }, 
  {
    "name": "ajanta cinema"
  }, 
  {
    "name": "shree talkies"
  }, 
  {
    "name": "plaza cinema"
  }
]