[
  {
    "days-of-week": "All days of the week", 
    "name": "bharatpur bird sanctuary", 
    "prices": {
      " for rickshaw ride": "100", 
      "per person for Indians": "50", 
      "per person for foreign tourists": "400"
    }, 
    "timings": "8:00 AM - 5:00 PM"
  }, 
  {
    "days-of-week": "All days of the week except Friday", 
    "name": "deeg palace", 
    "prices": {
      "per person For Foreigners": "100", 
      "per person For Indians": "5"
    }, 
    "timings": "9:00 AM - 5:00 PM"
  }, 
  {
    "name": "government museum bharatpur"
  }, 
  {
    "name": "lohagarh fort"
  }, 
  {
    "name": "deeg"
  }, 
  {
    "name": "government museum"
  }, 
  {
    "name": "keoladeo mandir"
  }, 
  {
    "name": "moti mahal palace"
  }, 
  {
    "name": "lake bharathpur"
  }, 
  {
    "name": "dadiji ka mahal"
  }, 
  {
    "name": "arya samaj mandir"
  }, 
  {
    "name": "banke bihari temple"
  }, 
  {
    "name": "seetharam temple"
  }, 
  {
    "name": "bhariji temple"
  }, 
  {
    "name": "chawad devi temple"
  }, 
  {
    "name": "purneshwar mahadev mandir"
  }, 
  {
    "name": "shastri park"
  }, 
  {
    "name": "keoladeo ghana national park"
  }, 
  {
    "name": "satya narayan temple"
  }, 
  {
    "name": "ganesh temple"
  }, 
  {
    "name": "shamshaneshwar mahadev mandir"
  }, 
  {
    "name": "ardhangeshwar mahadev mandir"
  }, 
  {
    "name": "rajrajeshwari temple"
  }, 
  {
    "name": "sikri wale hanuman mandir"
  }, 
  {
    "name": "salegram mandir"
  }, 
  {
    "name": "ganga mandir"
  }, 
  {
    "name": "laxman mandir"
  }, 
  {
    "name": "mansa devi mandir"
  }, 
  {
    "name": "st lukes church"
  }, 
  {
    "name": "kishori mahal"
  }, 
  {
    "name": "jawahar burj"
  }, 
  {
    "name": "fateh burj"
  }, 
  {
    "name": "shiva cinema"
  }, 
  {
    "name": "murli chitralok cinema"
  }, 
  {
    "name": "picture palace"
  }, 
  {
    "name": "bhagwan cinema"
  }, 
  {
    "name": "bihari ji dheersingh baba"
  }, 
  {
    "name": "bihari ji dheersingh baba"
  }
]