[
  {
    "name": "churu fort"
  }, 
  {
    "name": "pithano jodo"
  }, 
  {
    "name": "shree hanumagadhi balaji temple"
  }, 
  {
    "name": "ganga mata temple"
  }, 
  {
    "name": "ram temple"
  }, 
  {
    "name": "durga mandir"
  }, 
  {
    "name": "hanuman mandir"
  }, 
  {
    "name": "shyam mandir"
  }, 
  {
    "name": "shiv mandir"
  }, 
  {
    "name": "madan mohan mandir"
  }, 
  {
    "name": "shyam hanuman mandir"
  }, 
  {
    "name": "ramdevji temple"
  }, 
  {
    "name": "jeevan mata ka mandir"
  }, 
  {
    "name": "fresco painted havelies"
  }, 
  {
    "name": "babosa mandir"
  }, 
  {
    "name": "hanuman temple"
  }, 
  {
    "name": "vishwakarma mandir"
  }, 
  {
    "name": "hanuman mandir"
  }, 
  {
    "name": "ram mandir"
  }, 
  {
    "name": "devnarayan temple"
  }, 
  {
    "name": "open theatre"
  }, 
  {
    "name": "bado mandir"
  }, 
  {
    "name": "jhujhar mandir"
  }, 
  {
    "name": "pitarji ghasiramji mandir"
  }, 
  {
    "name": "surana ki haveli"
  }, 
  {
    "name": "kaliji ka mandir"
  }, 
  {
    "name": "panchmukhi hanuman mandir"
  }, 
  {
    "name": "swami gopaldasji mandir"
  }, 
  {
    "name": "shyam temple"
  }, 
  {
    "name": "ram temple"
  }, 
  {
    "name": "mata mandir"
  }, 
  {
    "days-of-week": "All days of the week", 
    "name": "mansadevi mandir", 
    "timings": "4:30 AM - 10:00 AM"
  }, 
  {
    "name": "ghanta ghar"
  }, 
  {
    "days-of-week": "All days of the week except Saturday", 
    "name": "gayatri mandir", 
    "timings": "4:00 AM - 9:30 PM"
  }, 
  {
    "days-of-week": "All days of the week", 
    "name": "shyam cinema", 
    "timings": "12:30 PM - 9:30 PM"
  }, 
  {
    "name": "alok cinema"
  }, 
  {
    "name": "godia chhatri "
  }, 
  {
    "name": "kanhaiyalal bagla haveli "
  }, 
  {
    "days-of-week": "All days of the week", 
    "name": "mehrangarh fort", 
    "prices": {
      "per person for foreigner tourists": "400", 
      "per person for indians": "60"
    }, 
    "timings": "9:00 AM - 5:00 PM "
  }, 
  {
    "days-of-week": "All days of the week", 
    "name": "umaid bhawan palace", 
    "prices": {
      "per person for Indians": "15", 
      "per person for foreign tourists": "50"
    }, 
    "timings": "9:00 AM - 5:00 PM"
  }, 
  {
    "days-of-week": "All days of the week", 
    "name": "jaswant thada", 
    "prices": {
      "per camcorder": "50", 
      "per person for Indians": "15", 
      "per person for foreign tourists": "30", 
      "per still camera": "25"
    }, 
    "timings": "9:00 AM  - 5:00 PM"
  }, 
  {
    "days-of-week": "All days of the week", 
    "name": "kheechan bird sanctuary", 
    "prices": {
      "no entry fee": "0"
    }, 
    "timings": "12:00 AM - 12:00 PM"
  }, 
  {
    "days-of-week": "All days of the week", 
    "name": "udai mandir", 
    "prices": {
      "no entry fee": "0"
    }, 
    "timings": "9:00 AM - 3:00 PM"
  }, 
  {
    "days-of-week": "All days of the week", 
    "name": "sardar samand lake", 
    "prices": {
      "no entry fee": "0"
    }, 
    "timings": "12:00 AM - 12:00 PM"
  }, 
  {
    "days-of-week": "All days of the week", 
    "name": "balsamand lake", 
    "prices": {
      "no entry fee": "0"
    }, 
    "timings": "12:00 AM - 12:00 AM"
  }, 
  {
    "days-of-week": "All days of the week", 
    "name": "mehrangarh fort museum", 
    "prices": {
      "per camcoder": "200", 
      "per person onwards (includes still camera fee and audio guide)": "250"
    }, 
    "timings": "9:00 AM - 5:00 PM"
  }, 
  {
    "days-of-week": "All days of the week", 
    "name": "ganesh temple", 
    "prices": {
      "no entry fee": "0"
    }, 
    "timings": null
  }, 
  {
    "days-of-week": "All days of the week", 
    "name": "chamunda mata mandir", 
    "prices": {
      "no entry fee": "0"
    }, 
    "timings": null
  }, 
  {
    "days-of-week": "All days of the week except Friday", 
    "name": "sardar government museum", 
    "prices": {
      "per person for foreigner tourists": "50", 
      "per person for indians": "5"
    }, 
    "timings": "10:00 AM - 5:00 PM"
  }, 
  {
    "days-of-week": "All days of the week", 
    "name": "dhawa doli wildlife sanctuary", 
    "prices": {
      "no entry fee": "0"
    }, 
    "timings": "12:00 AM - 12:00 PM"
  }, 
  {
    "days-of-week": "All days of the week", 
    "name": "umaid bhawan palace museum", 
    "prices": {
      "per person for children 5-11 years": "10", 
      "per person for foreigner tourists": "100", 
      "per person for indians": "30"
    }, 
    "timings": "10:00 AM - 4:30 PM"
  }, 
  {
    "days-of-week": "All days of the week except Saturday", 
    "name": "loha pol", 
    "prices": {
      "per person Foreign nationals": "250", 
      "per person Indians": "20"
    }, 
    "timings": "9:00 AM - 5:00 PM"
  }, 
  {
    "days-of-week": "All days of the week", 
    "name": "mehrangarh gate", 
    "prices": {
      "per person Foreign Nationals (for Mehrangarh fort)": "250", 
      "per person Indians (for Mehrangarh fort)": "20"
    }, 
    "timings": "9:00 AM - 5:00 PM"
  }, 
  {
    "days-of-week": "All days of the week", 
    "name": "kaylana lake", 
    "prices": {
      "no entry fee": "0"
    }, 
    "timings": "12:00 AM - 12:00 PM"
  }, 
  {
    "days-of-week": "All days of the week", 
    "name": "jai pol", 
    "prices": {}, 
    "timings": "9:00 AM - 5:00 PM"
  }, 
  {
    "days-of-week": "All days of the week", 
    "name": "phool mahal", 
    "prices": {
      "per person Foreign nationals (for Mehrangarh fort)": "250", 
      "per person Indians (for Mehrangarh fort)": "20"
    }, 
    "timings": "9:00 AM - 5:00 PM"
  }, 
  {
    "days-of-week": "All days of the week", 
    "name": "moti mahal", 
    "prices": {
      "per person Foreign Nationals (Mehrangarh fort entry fee)": "250", 
      "per person Indians (Mehrangarh fort entry fee)": "20"
    }, 
    "timings": "9:00 AM - 5:00 PM"
  }, 
  {
    "days-of-week": "All days of the week", 
    "name": "mahamandir temple", 
    "prices": {
      "no entry fee": "0"
    }, 
    "timings": null
  }, 
  {
    "days-of-week": "All days of the week", 
    "name": "zenana mahal", 
    "prices": {
      "per person": "400"
    }, 
    "timings": "9:00 AM - 5:00 PM"
  }, 
  {
    "days-of-week": "All days of the week", 
    "name": "mandore gardens", 
    "prices": {
      "per person Museum": "50"
    }, 
    "timings": "8:00 AM - 8:00 PM"
  }, 
  {
    "days-of-week": "All days of the week", 
    "name": "hall of the heroes", 
    "prices": {}, 
    "timings": "9:00 AM - 6:00 PM"
  }, 
  {
    "days-of-week": "All days of the week", 
    "name": "baba ramdev temple ", 
    "prices": {
      "no entry fee": "0"
    }, 
    "timings": null
  }, 
  {
    "name": "arna jharna"
  }, 
  {
    "name": "city wall"
  }, 
  {
    "name": "machiya safari park"
  }, 
  {
    "name": "bhagat ki kothi", 
    "prices": {}
  }, 
  {
    "name": "chamunda mata temple"
  }, 
  {
    "name": "takhat sagar lake"
  }, 
  {
    "name": "shrine of the three hundred million gods"
  }, 
  {
    "name": "santoshi mata temple"
  }, 
  {
    "name": "nehru park exit"
  }, 
  {
    "name": "nehru park entry"
  }, 
  {
    "name": "ns garden"
  }, 
  {
    "name": "ganesh mandir"
  }, 
  {
    "name": "mahaveer vatika"
  }, 
  {
    "name": "masuriya hill garden"
  }, 
  {
    "name": "achal nath mandir"
  }, 
  {
    "name": "bhairav mandir", 
    "prices": {
      "no entry fee": "0"
    }
  }, 
  {
    "name": "nav durga mandir"
  }, 
  {
    "name": "mancha purna mandir"
  }, 
  {
    "name": "tejaji mandir"
  }, 
  {
    "name": "st sebastians church"
  }, 
  {
    "name": "pal balaji mandir"
  }, 
  {
    "name": "ranchodji mandir"
  }, 
  {
    "name": "mata jagdamba temple"
  }, 
  {
    "name": "shri narvadeshwar mandir"
  }, 
  {
    "name": "ravna rajpur bagichi temple"
  }, 
  {
    "name": "ravna rajpur mandir"
  }, 
  {
    "name": "shri hanuman mandir"
  }, 
  {
    "name": "prachin shiv mandir"
  }, 
  {
    "name": "ranchhar ray mandir"
  }, 
  {
    "name": "shri maha kaleshwar mahadev mandir"
  }, 
  {
    "name": "kamleshwar mahadev mandir"
  }, 
  {
    "name": "shri lakshmi narayan mandir"
  }, 
  {
    "name": "shri juna kherapati hanuman mandir"
  }, 
  {
    "name": "juna khera mandir"
  }, 
  {
    "name": "mahadev mandir"
  }, 
  {
    "name": "neelkanth mahadev mandir"
  }, 
  {
    "name": "chamunda mandir"
  }, 
  {
    "name": "pipaleshwar mahadev mandir"
  }, 
  {
    "name": "maa bhawani sawari mandir"
  }, 
  {
    "name": "ramdev ji mandir"
  }, 
  {
    "name": "raghunath ji mandir"
  }, 
  {
    "name": "shri nag dadasa dadisa mandir"
  }, 
  {
    "name": "shri radha kirishna mandir"
  }, 
  {
    "name": "shri ashapura mata bala ji mandir"
  }, 
  {
    "name": "shri ram hanuman mandir"
  }, 
  {
    "name": "karani bala ji mandir"
  }, 
  {
    "name": "gayatri mata mandir"
  }, 
  {
    "name": "bhagat ji mandir"
  }, 
  {
    "name": "machapurn mahadev sai dham"
  }, 
  {
    "name": "shri chamunda mata mandir"
  }, 
  {
    "name": "shri om panch kailashseshwar mahadev mandir and maa durga anant bhawani mandir"
  }, 
  {
    "name": "shri bhumiya ji mandir"
  }, 
  {
    "name": "shri pal balaji mandir"
  }, 
  {
    "name": "shri ram mandir"
  }, 
  {
    "name": "panchdev shiv mandir"
  }, 
  {
    "name": "sai dham mandir"
  }, 
  {
    "name": "sri ganesh mandir"
  }, 
  {
    "name": "shri meldhi mata ji mandir"
  }, 
  {
    "name": "bhay ganga mata ka mandir"
  }, 
  {
    "name": "shri ridhi sidhi ganesh darbar"
  }, 
  {
    "name": "sri jai babari"
  }, 
  {
    "name": "jai maa chamunda mandir"
  }, 
  {
    "name": "bhumiya ji mandir"
  }, 
  {
    "name": "gupteswar shiv hanuman mandir"
  }, 
  {
    "name": "shri satya narayan bhagwan mandir"
  }, 
  {
    "name": "sindu mahadev mandir"
  }, 
  {
    "name": "bara ramdwara"
  }, 
  {
    "name": "shri chamunda mandir"
  }, 
  {
    "name": "central methodist church"
  }, 
  {
    "name": "shri mansapuran balaji mandir"
  }, 
  {
    "name": "sri ram dwara"
  }, 
  {
    "name": "bayo sa mandir"
  }, 
  {
    "name": "st andrews hall church"
  }, 
  {
    "name": "sommer ville memorial church jodhpur"
  }, 
  {
    "name": "madhuvan balaji mandir"
  }, 
  {
    "name": "madhuvan mahadev mandir"
  }, 
  {
    "name": "madhukeshwar mahadev mandir"
  }, 
  {
    "name": "shri sidhi vinayak mandir"
  }, 
  {
    "name": "shri ramdev ji mandir"
  }, 
  {
    "name": "nilkanth mahadev mandir"
  }, 
  {
    "name": "pentecostial misson church"
  }, 
  {
    "name": "shri veer teja mandir"
  }, 
  {
    "name": "shri kali badi"
  }, 
  {
    "name": "siddheshwar mahadev mandir"
  }, 
  {
    "name": "lodha kuldevi sri barmata mandir"
  }, 
  {
    "name": "shri somnath mahadev mandir"
  }, 
  {
    "name": "shri vaneshwar mahadev mandir"
  }, 
  {
    "name": "shani dev mandir"
  }, 
  {
    "name": "shri rameshwar mahadev mandir"
  }, 
  {
    "name": "shri dariyavji ka mandir"
  }, 
  {
    "name": "shri ganesh mandir"
  }, 
  {
    "name": "vishwakarma mandir"
  }, 
  {
    "name": "badleshwar mahadev mandir"
  }, 
  {
    "name": "shri rajaji ranchhor mandir"
  }, 
  {
    "name": "mandore garden gate 1"
  }, 
  {
    "name": "shri pipleshwer mahadev mandir"
  }, 
  {
    "name": "teeja mata ka mandir"
  }, 
  {
    "name": "shri ajanand mandir"
  }, 
  {
    "name": "suganeshwar mahadev mandir"
  }, 
  {
    "name": "mandore garden gate 2"
  }, 
  {
    "name": "shri krishana mandir"
  }, 
  {
    "name": "ichchhapurn hanuman mandir"
  }, 
  {
    "name": "thakur ji mandir"
  }, 
  {
    "name": "shri bala sati mata mandir"
  }, 
  {
    "name": "shri 1008 bala sati mata bird centurion"
  }, 
  {
    "name": "baba ramdev mandir"
  }, 
  {
    "name": "shri ikshapurn balaji mandir"
  }, 
  {
    "name": "shri balaji mandir"
  }, 
  {
    "name": "fateh sagar"
  }, 
  {
    "name": "naini ji mandir"
  }, 
  {
    "name": "natho bagichi forest"
  }, 
  {
    "name": "shri krishna mandir"
  }, 
  {
    "name": "man sagar"
  }, 
  {
    "name": "jalandhar nath ji mandir"
  }, 
  {
    "name": "shiv shakti nagar vatchnalay maha mandir"
  }, 
  {
    "name": "filadelfia fellow ship church of india"
  }, 
  {
    "name": "eklavya mahadev mandir"
  }, 
  {
    "name": "shiv ganesh mandir"
  }, 
  {
    "name": "jagdamba temple"
  }, 
  {
    "name": "sri balaji temple"
  }, 
  {
    "name": "arya samaj mandir"
  }, 
  {
    "name": "sri jagdamba mandir"
  }, 
  {
    "name": "jagdamba mata mandir"
  }, 
  {
    "name": "radhe krishna mandir"
  }, 
  {
    "name": "sri hanuman mandir"
  }, 
  {
    "name": "maa ambay temple"
  }, 
  {
    "name": "shanidev mandir"
  }, 
  {
    "name": "sri veer tej singh mandir"
  }, 
  {
    "name": "sri sidheshwar ganesh mandir"
  }, 
  {
    "name": "sri sangeshwar shiv mandir"
  }, 
  {
    "name": "akhileshwar dham mandir"
  }, 
  {
    "name": "bulan divya mandir"
  }, 
  {
    "name": "gangeshwar mandir"
  }, 
  {
    "name": "st the resa catholic child church"
  }, 
  {
    "name": "durga maa mandir"
  }, 
  {
    "name": "manohar art gallery"
  }, 
  {
    "name": "sri chamunda mata mandir"
  }, 
  {
    "name": "sri udashin ashram mandir"
  }, 
  {
    "name": "upkeshwarji temple"
  }, 
  {
    "name": "umaid sagar"
  }, 
  {
    "name": "swami vivekanand park"
  }, 
  {
    "name": "suswani mata temple"
  }, 
  {
    "name": "suraj garden"
  }, 
  {
    "name": "soor sagar"
  }, 
  {
    "name": "shyam manohar temple"
  }, 
  {
    "name": "shivdatta ji mahadev mandir"
  }, 
  {
    "name": "shiv mandir"
  }, 
  {
    "name": "shiv krishna mandir"
  }, 
  {
    "name": "shiv ji temple"
  }, 
  {
    "name": "sachiya mata temple"
  }, 
  {
    "name": "ramdev mandir"
  }, 
  {
    "name": "radha krishna mandir"
  }, 
  {
    "name": "pratapeswar temple"
  }, 
  {
    "name": "pancheshwar mahadev temple"
  }, 
  {
    "name": "open air theatre"
  }, 
  {
    "name": "neelkanth mahadev temple"
  }, 
  {
    "name": "mutha mandir"
  }, 
  {
    "name": "mathura mangalam garden"
  }, 
  {
    "name": "mata mandir"
  }, 
  {
    "name": "chamundat mata mandir"
  }, 
  {
    "name": "maharishi dadhichi garden"
  }, 
  {
    "name": "ludharva mata mandir"
  }, 
  {
    "name": "lord shiva temple"
  }, 
  {
    "name": "lord ganesh mandir"
  }, 
  {
    "name": "loco hanuman mandir"
  }, 
  {
    "name": "laxmi narayan mandir"
  }, 
  {
    "name": "lalgarh temple"
  }, 
  {
    "name": "lal sagar"
  }, 
  {
    "name": "krishna mandir"
  }, 
  {
    "name": "kali mata mandir"
  }, 
  {
    "name": "jabar nath mahadev mandir"
  }, 
  {
    "name": "hanwant garden"
  }, 
  {
    "name": "hamid bagh"
  }, 
  {
    "name": "eaklangi mahadev mandir"
  }, 
  {
    "name": "durga mandir"
  }, 
  {
    "name": "dodidar temple"
  }, 
  {
    "name": "devi mandir"
  }, 
  {
    "name": "dali bai mandir"
  }, 
  {
    "name": "chopasni mandir"
  }, 
  {
    "name": "bheruji mandir"
  }, 
  {
    "name": "ayyappa temple"
  }, 
  {
    "name": "ashapura mata mandir"
  }, 
  {
    "name": "amarnath temple"
  }, 
  {
    "name": "air force mandir"
  }, 
  {
    "name": "hanuman mandir"
  }, 
  {
    "name": "ghanshyam mandir"
  }, 
  {
    "name": "bhootnath temple"
  }, 
  {
    "name": "jagnath mandir"
  }, 
  {
    "name": "pantheshwar mahadev temple"
  }, 
  {
    "name": "ram mandir"
  }, 
  {
    "name": "ratanada palace"
  }, 
  {
    "name": "umaid garden"
  }, 
  {
    "name": "gregorios"
  }, 
  {
    "name": "santoshi mata mandir"
  }, 
  {
    "name": "umaid talab"
  }, 
  {
    "name": "kaviraja sahib ki haveli"
  }, 
  {
    "name": "haldi ghati"
  }, 
  {
    "name": "gulab sagar"
  }, 
  {
    "name": "kohinoor cinema exit gate"
  }, 
  {
    "name": "kohinoor cinema entry gate"
  }, 
  {
    "name": "golden cinema"
  }, 
  {
    "name": "satyam cineplex"
  }, 
  {
    "name": "kohinoor cinema hall"
  }, 
  {
    "name": "stadium cinema hall"
  }, 
  {
    "name": "new kohinoor cinema"
  }, 
  {
    "name": "nasarani cinema"
  }, 
  {
    "name": "kalptaru cinema"
  }, 
  {
    "name": "darpan cinema"
  }, 
  {
    "name": "anand cinema"
  }, 
  {
    "name": "mandor garden"
  }, 
  {
    "days-of-week": "All days of the week", 
    "name": "dargah of khwaja muin-ud-din chishti", 
    "prices": {
      "no entry fee": "0"
    }, 
    "timings": "Summers: 4:30 AM - 9:30 PM"
  }, 
  {
    "days-of-week": "All days of the week", 
    "name": "pataleshwar temple", 
    "prices": {
      "no entry fee": "0"
    }, 
    "timings": "5:00 AM - 8:00 PM"
  }, 
  {
    "days-of-week": "All days of the week", 
    "name": "durga bagh gardens", 
    "prices": {
      "no entry fee": "0"
    }, 
    "timings": "9:00 AM - 6:00 PM"
  }, 
  {
    "days-of-week": "All days of the week", 
    "name": "akbar\u2019s palace and museum", 
    "prices": {
      "per person for Indians": "10", 
      "per person for foreign tourists": "50"
    }, 
    "timings": "10:00 AM - 5:00 PM"
  }, 
  {
    "days-of-week": "All days of the week", 
    "name": "brahma temple", 
    "prices": {
      "No entry fee": "0"
    }, 
    "timings": null
  }, 
  {
    "days-of-week": "All days of the week", 
    "name": "taragarh fort", 
    "prices": {
      "no entry fee": "0"
    }, 
    "timings": "9:00 AM - 6:30 PM"
  }, 
  {
    "name": "varaha temple"
  }, 
  {
    "days-of-week": "All days of the week", 
    "name": "ana sagar lake", 
    "prices": {
      "per person for boating": "160"
    }, 
    "timings": "8:00 AM - 8:00 PM"
  }, 
  {
    "days-of-week": "All days of the week", 
    "name": "savitri temple", 
    "prices": {
      "no entry fee": "0"
    }, 
    "timings": null
  }, 
  {
    "days-of-week": "All days of the week", 
    "name": "lake foy sagar", 
    "prices": {
      "no entry fee": "0"
    }, 
    "timings": "6:00 AM - 7:00 PM"
  }, 
  {
    "name": "adhai din ka jhonpra", 
    "prices": {
      "no entry fee": "0"
    }
  }, 
  {
    "name": "shri rangnath swami temple"
  }, 
  {
    "days-of-week": "All days of the week", 
    "name": "soni ji ki nasiyan", 
    "prices": {
      "per person for Indians": "10", 
      "per person for foreign tourists": "25"
    }, 
    "timings": "9:00 AM - 4:00 PM"
  }, 
  {
    "days-of-week": "All days of the week", 
    "name": "nakkarkhana", 
    "prices": {
      "no entry fee": "0"
    }, 
    "timings": "9:00 AM - 6:00 PM"
  }, 
  {
    "days-of-week": "All days of the week", 
    "name": "anted ki mata mandir", 
    "prices": {
      "no entry fee": "0"
    }, 
    "timings": null
  }, 
  {
    "days-of-week": "All days of the week", 
    "name": "abdullah khan's tomb\t\t\t\t\t\t\t\t", 
    "prices": {
      "no entry fee": "0"
    }, 
    "timings": "9:00 AM - 6:00 PM"
  }, 
  {
    "days-of-week": "All days of the week", 
    "name": "glitz cine world", 
    "prices": {
      "per person": "100"
    }, 
    "timings": "9:45 AM - 9:30 PM"
  }, 
  {
    "days-of-week": "All days of the week", 
    "name": "nareli tirth", 
    "prices": {
      "no entry fee": "0", 
      "per bus entry fee only for buses": "200"
    }, 
    "timings": "7:00 AM - 7:00 PM"
  }, 
  {
    "days-of-week": "All days of the week", 
    "name": "new majestic cinema hall", 
    "timings": "10:00 AM - 11:30 PM"
  }, 
  {
    "name": "kishangarh"
  }, 
  {
    "name": "mayo college museum"
  }, 
  {
    "name": "ajmer fort"
  }, 
  {
    "name": "ajmer museum"
  }, 
  {
    "name": "maya mandir cinema"
  }, 
  {
    "name": "jawahar rangmanch"
  }, 
  {
    "name": "maharaja daharsen smarak"
  }, 
  {
    "name": "baradari"
  }, 
  {
    "name": "mridang cinema"
  }, 
  {
    "name": "craft museum"
  }, 
  {
    "name": "open air amphi theatre"
  }, 
  {
    "name": "rowing lake"
  }, 
  {
    "name": "school museum of art and natural history"
  }, 
  {
    "name": "war memorial"
  }, 
  {
    "name": "rajiv smriti van"
  }, 
  {
    "name": "usari gate"
  }, 
  {
    "name": "delhi gate"
  }, 
  {
    "name": "agra gate"
  }, 
  {
    "name": "taran taal"
  }, 
  {
    "name": "ajanta cinema"
  }, 
  {
    "name": "shree talkies"
  }, 
  {
    "name": "plaza cinema"
  }, 
  {
    "name": "sai temple"
  }, 
  {
    "name": "dwarka nath temple"
  }, 
  {
    "name": "st paul church"
  }, 
  {
    "name": "samay mata mandir"
  }, 
  {
    "name": "kalaji temple"
  }, 
  {
    "name": "sharansthan church"
  }, 
  {
    "name": "ram temple"
  }, 
  {
    "name": "sai mandir"
  }, 
  {
    "name": "shirdhi sai baba mandir"
  }, 
  {
    "name": "shankarji math"
  }, 
  {
    "name": "shyama prasad mukherji rang manch"
  }, 
  {
    "name": "bharav chowk mandir"
  }, 
  {
    "name": "guru meharaj chetri nagars temple"
  }, 
  {
    "name": "shri sidhi vinayak temple"
  }, 
  {
    "name": "bajrang bali mandir"
  }, 
  {
    "name": "shri raj mandir"
  }, 
  {
    "name": "vindya vasini temple"
  }, 
  {
    "name": "vaneshwer temple"
  }, 
  {
    "name": "teli samaj mandir"
  }, 
  {
    "days-of-week": "Mon, Tue, Wed, Thu, Fri", 
    "name": "sindhi temple", 
    "timings": "8:00 AM - 2:30 PM"
  }, 
  {
    "name": "shri kalyanji gatrod mandir"
  }, 
  {
    "name": "shree shiv hanuman mandir"
  }, 
  {
    "name": "shree ayyapa temple"
  }, 
  {
    "name": "shani dev temple"
  }, 
  {
    "name": "rseb colony mandir"
  }, 
  {
    "name": "police line temple"
  }, 
  {
    "name": "mahadev mandir"
  }, 
  {
    "name": "madareshwar temple"
  }, 
  {
    "name": "khodiyar mata mandir"
  }, 
  {
    "name": "trinetra beravji mandir"
  }, 
  {
    "name": "hatkeshwar mandir"
  }, 
  {
    "name": "hanuman temple"
  }, 
  {
    "name": "hanuman mandir"
  }, 
  {
    "name": "dehra temple"
  }, 
  {
    "name": "bhandaria mandir"
  }, 
  {
    "name": "bajrang bali temple"
  }, 
  {
    "name": "amba mata mandir"
  }, 
  {
    "name": "kalika math"
  }, 
  {
    "name": "vrindavan cinema"
  }, 
  {
    "name": "virangnaa theatre"
  }, 
  {
    "name": "vinod cinema"
  }, 
  {
    "name": "dialab lake"
  }, 
  {
    "name": "kagdi picnic place"
  }, 
  {
    "name": "kagdi picnic place"
  }, 
  {
    "name": "shri raj arts gallery"
  }, 
  {
    "name": "shree tripura sundari temple "
  }, 
  {
    "name": "dialab lake "
  }, 
  {
    "name": "balaji dham"
  }, 
  {
    "name": "puneet nagpal"
  }, 
  {
    "name": "hanumanji ki murti"
  }, 
  {
    "name": "shani mandir"
  }, 
  {
    "name": "hanuman mandir"
  }, 
  {
    "name": "sanatan dharm bada mandir"
  }, 
  {
    "name": "sidh hanuman mandir"
  }, 
  {
    "name": "shiv mandir"
  }, 
  {
    "name": "shiv mandir"
  }, 
  {
    "name": "shiv mandir"
  }, 
  {
    "name": "om namah shivay"
  }, 
  {
    "name": "home land mandir"
  }, 
  {
    "name": "bala ji mandir"
  }, 
  {
    "name": "ramdev mandir"
  }, 
  {
    "name": "indira vatika"
  }, 
  {
    "name": "shaheed e azam bhagat singh park"
  }, 
  {
    "name": "ambikey palace"
  }, 
  {
    "name": "payal theatre"
  }, 
  {
    "name": "azad theatre"
  }, 
  {
    "name": "narus hall"
  }, 
  {
    "name": "krishna big cinemas"
  }, 
  {
    "name": "cinema ghar"
  }, 
  {
    "name": "shipayanee cinema"
  }, 
  {
    "name": "shitalama mandir"
  }, 
  {
    "name": "kali maa mandir"
  }, 
  {
    "name": "santoshi temple"
  }, 
  {
    "name": "amtala kalibari"
  }, 
  {
    "name": "shiv mandir"
  }, 
  {
    "name": "bani mandir"
  }, 
  {
    "name": "ranthambore fort"
  }, 
  {
    "name": "bhatner fort"
  }, 
  {
    "name": "baba ramdev mandir"
  }, 
  {
    "name": "rose garden"
  }, 
  {
    "name": "hanuman mandir"
  }, 
  {
    "name": "durga mandir"
  }, 
  {
    "name": "maa durga mandir"
  }, 
  {
    "name": "mata ka mandir"
  }, 
  {
    "name": "hanuman mandir"
  }, 
  {
    "name": "shyam mandir"
  }, 
  {
    "name": "punchmukhi balaji mandir"
  }, 
  {
    "name": "shree laxminarayan mandir"
  }, 
  {
    "name": "yog maya mandir"
  }, 
  {
    "name": "hanuman mandir"
  }, 
  {
    "name": "shiv mandir"
  }, 
  {
    "name": "prachin hanuman mandir"
  }, 
  {
    "name": "prachin shiv mandir"
  }, 
  {
    "name": "sila peer mata mandir"
  }, 
  {
    "name": "hanuman mandir"
  }, 
  {
    "name": "ashish cinema"
  }, 
  {
    "name": "anand cinema"
  }, 
  {
    "name": "dinar cinema"
  }, 
  {
    "name": "vijay cinema"
  }, 
  {
    "name": "kalibanga museum"
  }, 
  {
    "name": "kalloor fort "
  }, 
  {
    "days-of-week": "All days of the week", 
    "name": "dilwara temples", 
    "prices": {
      "No entry fee": "0"
    }, 
    "timings": "12:00 PM - 5:00 PM"
  }, 
  {
    "days-of-week": "All days of the week", 
    "name": "nakki lake", 
    "prices": {
      "No entry fee": "0"
    }, 
    "timings": "8:00 AM - 6:00 PM"
  }, 
  {
    "days-of-week": "All days of the week", 
    "name": "peace park", 
    "prices": {
      "No entry fee": "0"
    }, 
    "timings": "8:00 AM - 7:00 PM"
  }, 
  {
    "days-of-week": "All days of the week", 
    "name": "luna vasahi temple", 
    "prices": {
      "No entry fee": "0"
    }, 
    "timings": "12:00 PM - 3:00 PM"
  }, 
  {
    "days-of-week": "All days of the week", 
    "name": "mount abu wildlife sanctuary", 
    "prices": {
      "per person Jeep Safari": "300"
    }, 
    "timings": "9:00 AM - 5:30 PM"
  }, 
  {
    "days-of-week": "All days of the week", 
    "name": "raghunath temple", 
    "prices": {
      "No entry fee": "0"
    }, 
    "timings": null
  }, 
  {
    "name": "sunset point", 
    "prices": {
      "No entry fee": "0"
    }
  }, 
  {
    "days-of-week": "All days of the week", 
    "name": "vimal vasahi", 
    "prices": {
      "No entry fee": "0"
    }, 
    "timings": null
  }, 
  {
    "days-of-week": "All days of the week", 
    "name": "adhar devi temple", 
    "prices": {
      "No entry fee": "0"
    }, 
    "timings": null
  }, 
  {
    "days-of-week": "All days of the week except Friday", 
    "name": "government museum", 
    "timings": "10:00 AM - 4:30 PM"
  }, 
  {
    "days-of-week": "All days of the week", 
    "name": "guru shikhar", 
    "prices": {
      "no entry fee": "0"
    }, 
    "timings": "8:00 AM - 6:30 PM"
  }, 
  {
    "days-of-week": "All days of the week", 
    "name": "brahma kumaris museum", 
    "prices": {
      "no entry fee": "0"
    }, 
    "timings": "8:00 AM - 8:00 PM"
  }, 
  {
    "name": "achaleshwar mahadev temple ", 
    "prices": {}
  }, 
  {
    "name": "toad rock"
  }, 
  {
    "name": "doodh baori"
  }, 
  {
    "name": "achalgarh"
  }, 
  {
    "name": "ambika mata mandir"
  }, 
  {
    "name": "dhrudhiya water falls"
  }, 
  {
    "name": "spiritual art gallery"
  }, 
  {
    "name": "sri duleshwar mahadev temple"
  }, 
  {
    "name": "shankar math"
  }, 
  {
    "name": "nilkanth temple"
  }, 
  {
    "name": "school chapel"
  }, 
  {
    "name": "st lawrence church"
  }, 
  {
    "name": "mughal garden"
  }, 
  {
    "name": "pool garden"
  }, 
  {
    "name": "palm view garden"
  }, 
  {
    "name": "romp pomp pomp"
  }, 
  {
    "name": "gaumukh vashisht ashram"
  }, 
  {
    "name": "vijay ghati"
  }, 
  {
    "name": "pandav bhawan complex"
  }, 
  {
    "name": "gyan sarovar complex"
  }, 
  {
    "name": "sunrise valley"
  }, 
  {
    "days-of-week": "All days of the week", 
    "name": "talwas fort", 
    "timings": "8:30 AM - 4:30 PM"
  }, 
  {
    "name": "chitrashala"
  }, 
  {
    "name": "raniji-ki-baori"
  }, 
  {
    "name": "nawal sagar lake"
  }, 
  {
    "name": "cave paintings"
  }, 
  {
    "name": "garh palace"
  }, 
  {
    "name": "taragarh fort"
  }, 
  {
    "name": "chhattar mahal"
  }, 
  {
    "name": "the bundi palace"
  }, 
  {
    "name": "dugari"
  }, 
  {
    "name": "sukh mahal"
  }, 
  {
    "name": "jait sagar"
  }, 
  {
    "name": "chaurasi khambon ki chhatri"
  }, 
  {
    "name": "moti mahal"
  }, 
  {
    "name": "nagar sagar"
  }, 
  {
    "name": "rani ji ki badi"
  }, 
  {
    "name": "ranjit talkies"
  }, 
  {
    "days-of-week": "All days of the week", 
    "name": "bharatpur bird sanctuary", 
    "prices": {
      " for rickshaw ride": "100", 
      "per person for Indians": "50", 
      "per person for foreign tourists": "400"
    }, 
    "timings": "8:00 AM - 5:00 PM"
  }, 
  {
    "days-of-week": "All days of the week except Friday", 
    "name": "deeg palace", 
    "prices": {
      "per person For Foreigners": "100", 
      "per person For Indians": "5"
    }, 
    "timings": "9:00 AM - 5:00 PM"
  }, 
  {
    "name": "government museum bharatpur"
  }, 
  {
    "name": "lohagarh fort"
  }, 
  {
    "name": "deeg"
  }, 
  {
    "name": "government museum"
  }, 
  {
    "name": "keoladeo mandir"
  }, 
  {
    "name": "moti mahal palace"
  }, 
  {
    "name": "lake bharathpur"
  }, 
  {
    "name": "dadiji ka mahal"
  }, 
  {
    "name": "arya samaj mandir"
  }, 
  {
    "name": "banke bihari temple"
  }, 
  {
    "name": "seetharam temple"
  }, 
  {
    "name": "bhariji temple"
  }, 
  {
    "name": "chawad devi temple"
  }, 
  {
    "name": "purneshwar mahadev mandir"
  }, 
  {
    "name": "shastri park"
  }, 
  {
    "name": "keoladeo ghana national park"
  }, 
  {
    "name": "satya narayan temple"
  }, 
  {
    "name": "ganesh temple"
  }, 
  {
    "name": "shamshaneshwar mahadev mandir"
  }, 
  {
    "name": "ardhangeshwar mahadev mandir"
  }, 
  {
    "name": "rajrajeshwari temple"
  }, 
  {
    "name": "sikri wale hanuman mandir"
  }, 
  {
    "name": "salegram mandir"
  }, 
  {
    "name": "ganga mandir"
  }, 
  {
    "name": "laxman mandir"
  }, 
  {
    "name": "mansa devi mandir"
  }, 
  {
    "name": "st lukes church"
  }, 
  {
    "name": "kishori mahal"
  }, 
  {
    "name": "jawahar burj"
  }, 
  {
    "name": "fateh burj"
  }, 
  {
    "name": "shiva cinema"
  }, 
  {
    "name": "murli chitralok cinema"
  }, 
  {
    "name": "picture palace"
  }, 
  {
    "name": "bhagwan cinema"
  }, 
  {
    "name": "bihari ji dheersingh baba"
  }, 
  {
    "name": "bihari ji dheersingh baba"
  }, 
  {
    "days-of-week": "All days of the week", 
    "name": "city palace", 
    "prices": {
      "per person for Child": "40", 
      "per person for Indians": "75", 
      "per person for foreign tourists": "300"
    }, 
    "timings": "9:30 AM - 5:00 PM"
  }, 
  {
    "days-of-week": "All days of the week", 
    "name": "hawa mahal", 
    "prices": {
      "per person for Foreign Tourists": "200", 
      "per person for Indians": "50"
    }, 
    "timings": "9:00 AM - 5:30 PM"
  }, 
  {
    "days-of-week": "All days of the week", 
    "name": "chokhi dhani village", 
    "prices": {
      "per child for children (2'5\" ft to 3'5\" ft)": "350", 
      "per person for adults": "600"
    }, 
    "timings": "5:00 PM - 11:00 PM"
  }, 
  {
    "days-of-week": "All days of the week", 
    "name": "jantar mantar", 
    "prices": {
      "per person for Indians": "40", 
      "per person for foreign tourists": "200", 
      "per person for students": "15", 
      "per person or foreign students": "100"
    }, 
    "timings": "9:00 AM - 5:00 PM"
  }, 
  {
    "days-of-week": "All days of the week", 
    "name": "amber fort", 
    "prices": {
      "per person for Indian students": "10", 
      "per person for Indians": "100", 
      "per person for foreign students": "100", 
      "per person for foreign tourists": "500"
    }, 
    "timings": "8:00 AM - 6:00 PM"
  }, 
  {
    "name": "shri 1008 shri bhomiya ji maharaj mandir"
  }, 
  {
    "days-of-week": "All days of the week", 
    "name": "jal mahal", 
    "prices": {
      "per person for foreigners": "50", 
      "per person for indians": "10"
    }, 
    "timings": "9:00 AM - 5:00 PM"
  }, 
  {
    "days-of-week": "All days of the week", 
    "name": "jaigarh fort", 
    "prices": {
      "per person for Indians": "35", 
      "per person for foreign tourists": "85"
    }, 
    "timings": "9:00 AM - 4:30 PM"
  }, 
  {
    "days-of-week": "All days of the week", 
    "name": "nahargarh fort", 
    "prices": {
      "per person for Foreign students": "25", 
      "per person for Indian students": "5", 
      "per person for Indians": "20", 
      "per person for foreign tourists": "50"
    }, 
    "timings": "10:00 AM - 5:30 PM"
  }, 
  {
    "days-of-week": "All days of the week except Tuesday", 
    "name": "zoological garden (jaipur zoo)", 
    "prices": {
      "per person for Indians": "15", 
      "per person or foreign tourists": "150"
    }, 
    "timings": null
  }, 
  {
    "name": "tejaji mandir"
  }, 
  {
    "days-of-week": "Sun", 
    "name": "anokhi museum of hand printing", 
    "prices": {
      "per camcorder": "150", 
      "per person for adults": "30", 
      "per person for children": "15", 
      "per person for students": "20", 
      "per still camera": "50"
    }, 
    "timings": "11:00 AM - 4:30 PM"
  }, 
  {
    "days-of-week": "All days of the week", 
    "name": "albert hall museum", 
    "prices": {
      "per person for Indian student": "10", 
      "per person for Indian visitor": "20", 
      "per person for Overseas student": "75", 
      "per person for Overseas visitor": "150"
    }, 
    "timings": "9:00 AM - 5:00 PM "
  }, 
  {
    "name": "dolls museum", 
    "prices": {
      "per person For Foreign Tourists": "150", 
      "per person For Indians": "20"
    }
  }, 
  {
    "name": "the monkey temple", 
    "prices": {
      "Camera": "50", 
      "No entry fee": "0"
    }
  }, 
  {
    "name": "panna meena ka kund", 
    "prices": {
      "No entry fee": "0"
    }
  }, 
  {
    "name": "narsingh temple"
  }, 
  {
    "name": "rusirani village", 
    "prices": {
      "No entry fee": "0"
    }
  }, 
  {
    "name": "diwan-e-khas", 
    "prices": {
      "per person For Foreign Torusits": "300", 
      "per person For Indians": "75"
    }
  }, 
  {
    "days-of-week": "All days of the week", 
    "name": "tripolia gate", 
    "prices": {
      "": "0"
    }, 
    "timings": "12:00 AM - 12:00 AM"
  }, 
  {
    "days-of-week": "All days of the week except Tuesday", 
    "name": "ram niwas garden", 
    "prices": {
      "per person Foreigners": "100", 
      "per person Indians": "10"
    }, 
    "timings": null
  }, 
  {
    "days-of-week": "All days of the week", 
    "name": "kanak vrindavan garden", 
    "prices": {}, 
    "timings": "8:00 AM - 5:00 PM"
  }, 
  {
    "name": "radha damodar temple"
  }, 
  {
    "days-of-week": "All days of the week", 
    "name": "iswari minar swarga sal", 
    "prices": {}, 
    "timings": "9:00 AM - 4:30 PM"
  }, 
  {
    "days-of-week": "All days of the week", 
    "name": "moti dungri ganesh temple", 
    "prices": {
      "No entry fee": "0"
    }, 
    "timings": null
  }, 
  {
    "name": "elefantastic elephant farm", 
    "prices": {
      "Foreigner (Child under 4 years)": "0", 
      "Indian (Child under 4 years)": "0", 
      "per person-In Summers Foreigner (Adult)": "5,100", 
      "per person-In Summers Foreigner (Child under 12 years)": "2,550", 
      "per person-In Summers Indian (Adult)": "3,500", 
      "per person-In Summers Indian (Child under 12 years)": "1,750", 
      "per person-In Winters Foreigner (Adult)": "4,000", 
      "per person-In Winters Foreigner (Child under 12 years)": "2,000", 
      "per person-In Winters Indian (Adult)": "3,000", 
      "per person-In Winters Indian (Child under 12 years)": "1,500"
    }
  }, 
  {
    "days-of-week": "All days of the week", 
    "name": "sawai mansingh stadium", 
    "prices": {
      "According to the match": "0"
    }, 
    "timings": "12:00 AM - 12:00 AM (According to the match)"
  }, 
  {
    "name": "naila art gallery"
  }, 
  {
    "days-of-week": "All days of the week except Sunday", 
    "name": "new life fellowship church", 
    "timings": "10:00 AM - 6:00 PM"
  }, 
  {
    "name": "royal rajasthan art gallery"
  }, 
  {
    "name": "brijraj bihari temple"
  }, 
  {
    "name": "kanak bihari temple"
  }, 
  {
    "days-of-week": "All days of the week except Sunday", 
    "name": "pentecostal mission society's church", 
    "timings": null
  }, 
  {
    "name": "neelkanth mahadev mandir"
  }, 
  {
    "name": "vaishno devi mandir"
  }, 
  {
    "name": "thakurji ka mandir"
  }, 
  {
    "name": "om shiv mandir"
  }, 
  {
    "days-of-week": "All days of the week", 
    "name": "garh ganesh mandir", 
    "timings": null
  }, 
  {
    "name": "girdharji mandir"
  }, 
  {
    "name": "gayatri kala mandir"
  }, 
  {
    "days-of-week": "All days of the week", 
    "name": "gopal dev ji temple", 
    "timings": "5:00 AM - 9:00 PM"
  }, 
  {
    "name": "goverdhan temple"
  }, 
  {
    "name": "kali mata mandir"
  }, 
  {
    "name": "sai baba mandir"
  }, 
  {
    "days-of-week": "All days of the week", 
    "name": "param hans dham", 
    "timings": "7:00 AM - 8:00 PM"
  }, 
  {
    "name": "panchmukhi hanumanji temple"
  }, 
  {
    "name": "triloki nath temple"
  }, 
  {
    "name": "khatu shyam mandir"
  }, 
  {
    "name": "krishna mandir"
  }, 
  {
    "name": "amba mata mandir"
  }, 
  {
    "name": "takhat e shahi road"
  }, 
  {
    "days-of-week": "All days of the week", 
    "name": "nehru bal udyan", 
    "prices": {
      "no entry fee": "0"
    }, 
    "timings": "6:00 AM - 6:30 PM"
  }, 
  {
    "name": "gangapol gate"
  }, 
  {
    "name": "raj lalit kala academy art gallery"
  }, 
  {
    "name": "kohinoor cinema", 
    "prices": {
      "per person": "50", 
      "per person On Tuesday": "150"
    }
  }, 
  {
    "name": "pinkcity cinema"
  }, 
  {
    "days-of-week": "All days of the week except Sunday", 
    "name": "paras cinema", 
    "timings": "9:00 AM - 9:00 PM"
  }, 
  {
    "name": "golcha cinema", 
    "prices": {
      "per person": "120"
    }
  }, 
  {
    "name": "samrat cinema"
  }, 
  {
    "name": "lord shiva temple"
  }, 
  {
    "name": "ridhi sidhi pol"
  }, 
  {
    "days-of-week": "All days of the week", 
    "name": "badri nath mandir", 
    "timings": null
  }, 
  {
    "name": "roman catholic church"
  }, 
  {
    "name": "sangam cinema"
  }, 
  {
    "name": "ravindra rang manch"
  }, 
  {
    "days-of-week": "All days of the week", 
    "name": "mandir shri tarkeshwar ji", 
    "prices": {
      "no entry fee": "0"
    }, 
    "timings": "4:00 AM - 11:00 PM"
  }, 
  {
    "days-of-week": "All days of the week", 
    "name": "mandir shri dadu dwara", 
    "timings": null
  }, 
  {
    "name": "art cottage and museum"
  }, 
  {
    "days-of-week": "All days of the week", 
    "name": "sargasuli tower", 
    "prices": {
      "per person": "70"
    }, 
    "timings": "9:30 AM - 4:00 PM"
  }, 
  {
    "name": "village textile factory", 
    "prices": {
      "No entry fee": "0"
    }
  }, 
  {
    "days-of-week": "All days of the week", 
    "name": "big cinemas galaxy", 
    "prices": {
      "per person": "70"
    }, 
    "timings": "9:30 AM - 1:00 AM"
  }, 
  {
    "days-of-week": "All days of the week", 
    "name": "tarkeshwar mahadev temple", 
    "prices": {}, 
    "timings": "4:00 AM - 11:30 PM"
  }, 
  {
    "name": "kesar kyari bagh"
  }, 
  {
    "days-of-week": "All days of the week", 
    "name": "mangleshwar mahadev mandir", 
    "timings": null
  }, 
  {
    "name": "krishna temple"
  }, 
  {
    "name": "kali mata mandir"
  }, 
  {
    "name": "ramdev mandir"
  }, 
  {
    "name": "ram sita mandir"
  }, 
  {
    "name": "sai temple"
  }, 
  {
    "days-of-week": "All days of the week", 
    "name": "ankur cinema", 
    "prices": {
      "per person": "50"
    }, 
    "timings": "8:00 AM - 1:00 AM"
  }, 
  {
    "name": "gaitore ki chhatriyan", 
    "prices": {}
  }, 
  {
    "name": "gheewalon ka raasta"
  }, 
  {
    "days-of-week": "All days of the week except Sunday", 
    "name": "chakrapani ayurveda clinic and research centre", 
    "prices": {
      "per person onwards": "500"
    }, 
    "timings": "9:00 AM - 8:00 PM"
  }, 
  {
    "name": "dev narayan mandir"
  }, 
  {
    "days-of-week": "All days of the week", 
    "name": "charak ayurveda centre", 
    "prices": {
      "per person onwards": "500"
    }, 
    "timings": "10:00 AM - 7:30 PM"
  }, 
  {
    "days-of-week": "All days of the week", 
    "name": "khajane walon ka rasta", 
    "timings": "10:00 AM - 8:00 PM"
  }, 
  {
    "days-of-week": "All days of the week", 
    "name": "kanchan art gallery", 
    "prices": {
      "no entry fee": "0"
    }, 
    "timings": "11:00 AM - 7:00 PM"
  }, 
  {
    "days-of-week": "All days of the week except Sunday", 
    "name": "fine art palace", 
    "prices": {
      "no entry fee": "0"
    }, 
    "timings": "11:00 AM - 9:00 PM"
  }, 
  {
    "name": "alka cinema"
  }, 
  {
    "days-of-week": "All days of the week", 
    "name": "src museum of indology", 
    "prices": {
      "per person for Foreigners": "100", 
      "per person for Indian Citizens": "20"
    }, 
    "timings": "10:00 AM - 5:00 PM"
  }, 
  {
    "name": "mansagar lake"
  }, 
  {
    "days-of-week": "All days of the week", 
    "name": "ramgarh lake", 
    "timings": "7:00 AM - 7:00 PM"
  }, 
  {
    "name": "durga mandir"
  }, 
  {
    "name": "laxminath mandir"
  }, 
  {
    "name": "safed mandir"
  }, 
  {
    "name": "prachin hanuman temple"
  }, 
  {
    "days-of-week": "All days of the week", 
    "name": "ram raghav mandir ashram", 
    "timings": "12:00 AM - 12:00 AM"
  }, 
  {
    "days-of-week": "All days of the week", 
    "name": "milan cinema", 
    "prices": {
      "per person": "50"
    }, 
    "timings": "9:30 AM - 12:00 AM"
  }, 
  {
    "name": "mayank cinema"
  }, 
  {
    "days-of-week": "All days of the week", 
    "name": "royal gaitor tumbas", 
    "prices": {
      "per person for adults": "30"
    }, 
    "timings": "10:00 AM - 5:30 PM"
  }, 
  {
    "days-of-week": "All days of the week", 
    "name": "shri digamber jain temple", 
    "timings": "4:00 AM - 6:00 PM"
  }, 
  {
    "days-of-week": "All days of the week", 
    "name": "vidyadhar garden", 
    "timings": "8:00 AM - 5:30 PM"
  }, 
  {
    "days-of-week": "All days of the week", 
    "name": "devdi temple", 
    "timings": null
  }, 
  {
    "days-of-week": "All days of the week", 
    "name": "inox multiplex", 
    "timings": "9:30 AM - till late (Depending upon the show)"
  }, 
  {
    "name": "ram mandir"
  }, 
  {
    "name": "ajmeri gate", 
    "prices": {
      "No Entry Fees": "0"
    }
  }, 
  {
    "name": "mor gregorius jacobite syrian church"
  }, 
  {
    "name": "pitam niwas chowk"
  }, 
  {
    "days-of-week": "All days of the week", 
    "name": "shri sanjay sharma museum & research institute", 
    "timings": "10:00 AM - 5:00 PM"
  }, 
  {
    "name": "jharkhand mahadev temple"
  }, 
  {
    "days-of-week": "All days of the week", 
    "name": "kanak vrindavan mahal", 
    "timings": null
  }, 
  {
    "days-of-week": "All days of the week except Thursday", 
    "name": "alice garg national seashell museum", 
    "prices": {
      "per person Foreign Tourists": "100", 
      "per person Indian": "30"
    }, 
    "timings": null
  }, 
  {
    "days-of-week": "All days of the week", 
    "name": "purple edutainment pvt ltd", 
    "prices": {
      "per person": "200"
    }, 
    "timings": "9:30 AM - 11:30 PM"
  }, 
  {
    "days-of-week": "All days of the week except Monday", 
    "name": "akshardham temple", 
    "timings": "10:30 AM - 6:00 PM"
  }, 
  {
    "days-of-week": "All days of the week", 
    "name": "st andrews church", 
    "timings": null
  }, 
  {
    "days-of-week": "All days of the week", 
    "name": "nidhi art gallery", 
    "timings": "9:00 AM - 9:00 PM"
  }, 
  {
    "days-of-week": "All days of the week", 
    "name": "peacock gate", 
    "prices": {
      "per person for Foriegners": "300", 
      "per person for Indians": "75"
    }, 
    "timings": "9:00 AM - 5:00 PM"
  }, 
  {
    "days-of-week": "All days of the week", 
    "name": "jain mandir sanganer", 
    "prices": {}, 
    "timings": "6:00 AM - 10:00 PM"
  }, 
  {
    "days-of-week": "All days of the week", 
    "name": "ayyappa temple", 
    "timings": null
  }, 
  {
    "days-of-week": "All days of the week", 
    "name": "birla mandir", 
    "prices": {
      "Free": "0"
    }, 
    "timings": null
  }, 
  {
    "days-of-week": "All days of the week", 
    "name": "kale hanumanji ka mandir", 
    "timings": "5:00 AM - 9:00 PM"
  }, 
  {
    "days-of-week": "All days of the week", 
    "name": "smriti van", 
    "timings": "5:00 AM - 6:00 PM"
  }, 
  {
    "name": "jamwai mata temple"
  }, 
  {
    "name": "jangleshwar ji temple"
  }, 
  {
    "days-of-week": "All days of the week", 
    "name": "kaila devi mata mandir", 
    "timings": null
  }, 
  {
    "name": "shree chamunda mata mandir"
  }, 
  {
    "days-of-week": "All days of the week", 
    "name": "jwala mata temple", 
    "timings": "6:00 AM - 8:00 PM"
  }, 
  {
    "name": "chamtkareshwer mahadev mandir"
  }, 
  {
    "days-of-week": "All days of the week except Monday", 
    "name": "science park", 
    "prices": {
      "per person for adults": "20", 
      "per person for minimum 10 student group": "10", 
      "per person for students": "15"
    }, 
    "timings": null
  }, 
  {
    "name": "shanidev mandir"
  }, 
  {
    "name": "charan mandir"
  }, 
  {
    "days-of-week": "All days of the week", 
    "name": "diwan-e-aam", 
    "prices": {
      "per person Adults": "40", 
      "per person Children": "25", 
      "per person Foreigner": "300"
    }, 
    "timings": "9:30 AM - 6:00 PM"
  }, 
  {
    "name": "sanganeri gate"
  }, 
  {
    "name": "era"
  }, 
  {
    "days-of-week": "All days of the week", 
    "name": "cenotaphs of the maharanis of jaipur", 
    "prices": {
      "per person for Foreigners": "30", 
      "per person for Indian Citizens": "10"
    }, 
    "timings": "9:00 AM - 4:30 PM"
  }, 
  {
    "name": "shaheed smarak"
  }, 
  {
    "days-of-week": "All days of the week", 
    "name": "ganesh pol gateway", 
    "prices": {
      "per person for Foriegners": "110", 
      "per person for Indians": "35"
    }, 
    "timings": "9:00 AM - 4:30 PM"
  }, 
  {
    "days-of-week": "All days of the week", 
    "name": "elefun-enjoy with elephants", 
    "prices": {
      "per person to spend the entire day with elephants": "4,500"
    }, 
    "timings": "10:30 AM - 7:00 PM"
  }, 
  {
    "days-of-week": "All days of the week", 
    "name": "b m birla auditorium", 
    "prices": {
      "per person": "40"
    }, 
    "timings": "10:00 AM - 7:00 PM (timings of complex)"
  }, 
  {
    "days-of-week": "All days of the week", 
    "name": "jawahar circle", 
    "prices": {
      "per person for foreign tourists": "20", 
      "per person for indians": "10"
    }, 
    "timings": null
  }, 
  {
    "days-of-week": "All days of the week", 
    "name": "jawahar kala kendra", 
    "prices": {
      "no entry fee": "0"
    }, 
    "timings": "10:00 AM - 5:00 PM"
  }, 
  {
    "days-of-week": "All days of the week", 
    "name": "abhaneri step well", 
    "prices": {
      "no entry fee": "0"
    }, 
    "timings": "10:00 AM - 5:00 PM"
  }, 
  {
    "days-of-week": "All days of the week", 
    "name": "chandra mahal", 
    "prices": {
      "per person Foreign Adult": "300", 
      "per person Foreign Child (5-12 yrs)": "200", 
      "per person Indian Adult": "75", 
      "per person Indian Child (5-12 yrs)": "40"
    }, 
    "timings": "9:30 AM - 6:00 PM"
  }, 
  {
    "days-of-week": "All days of the week", 
    "name": "inox", 
    "timings": "9:30 AM - till late (Depending upon the show)"
  }, 
  {
    "name": "badal mahal"
  }, 
  {
    "days-of-week": "All days of the week", 
    "name": "baps shri swaminarayan mandir", 
    "prices": {}, 
    "timings": null
  }, 
  {
    "days-of-week": "All days of the week", 
    "name": "mukteshwar mahadev mandir", 
    "timings": "4:00 AM - 10:30 PM"
  }, 
  {
    "days-of-week": "All days of the week", 
    "name": "madho behariji temple", 
    "timings": "4:00 AM - 8:00 PM"
  }, 
  {
    "days-of-week": "All days of the week", 
    "name": "shitla devi mandir", 
    "timings": null
  }, 
  {
    "days-of-week": "All days of the week except Sunday", 
    "name": "shree krishna parnami mandir", 
    "timings": "10:00 AM - 9:00 PM"
  }, 
  {
    "name": "dadavadi mandir"
  }, 
  {
    "days-of-week": "All days of the week", 
    "name": "kaal bhairav temple", 
    "timings": "9:00 AM - 4:30 PM"
  }, 
  {
    "name": "shree kamleshwar mahadev mandir"
  }, 
  {
    "name": "hinglaj mata mandir"
  }, 
  {
    "name": "shree bheru nath ji ka mandir"
  }, 
  {
    "days-of-week": "All days of the week", 
    "name": "khole ke hanuman ji", 
    "timings": "6:00 AM - 8:30 PM"
  }, 
  {
    "name": "shri badrinath mandir"
  }, 
  {
    "name": "shri ghat balaji temple"
  }, 
  {
    "days-of-week": "All days of the week", 
    "name": "murlimanohar mandir", 
    "timings": "4:00 AM - 8:00 PM"
  }, 
  {
    "name": "char darwaja"
  }, 
  {
    "days-of-week": "All days of the week", 
    "name": "lata cinema", 
    "prices": {
      "per person": "60"
    }, 
    "timings": "10:30 AM - 12:00 AM"
  }, 
  {
    "days-of-week": "All days of the week", 
    "name": "entertainment paradise", 
    "prices": {
      "per person": "200"
    }, 
    "timings": "9:00 AM - 12:00 AM"
  }, 
  {
    "name": "minerva cinema", 
    "prices": {
      "per person": "25"
    }
  }, 
  {
    "days-of-week": "All days of the week", 
    "name": "raj mandir cinema", 
    "prices": {
      "per person": "100"
    }, 
    "timings": "12:30 PM - 9:30PM"
  }, 
  {
    "days-of-week": "All days of the week", 
    "name": "sisodia rani palace and garden", 
    "prices": {
      "per person": "10"
    }, 
    "timings": "8:00 AM - 6:00 PM"
  }, 
  {
    "days-of-week": "All days of the week", 
    "name": "mubarak mahal", 
    "prices": {
      "per person For Foreign Tourists": "300", 
      "per person For Indians": "75"
    }, 
    "timings": "9:30 AM - 5:00 PM"
  }, 
  {
    "days-of-week": "All days of the week", 
    "name": "govind devji temple", 
    "prices": {
      "no entry fee": "0"
    }, 
    "timings": null
  }, 
  {
    "days-of-week": "All days of the week", 
    "name": "central park", 
    "prices": {
      "": "0"
    }, 
    "timings": "4:00 AM - 11:00 PM"
  }, 
  {
    "days-of-week": "All days of the week", 
    "name": "galtaji temple", 
    "timings": "5:00 AM  - 9:00 PM"
  }, 
  {
    "name": "shri maleshwar mandir"
  }, 
  {
    "days-of-week": "All days of the week", 
    "name": "polo victory cinema hall", 
    "timings": "11:00 AM - 9:30 PM"
  }, 
  {
    "name": "ishwar lat"
  }, 
  {
    "name": "amar jawan jyoti", 
    "prices": {}
  }, 
  {
    "days-of-week": "All days of the week", 
    "name": "baggi khana", 
    "prices": {
      "Per Person Foreign Adult": "300", 
      "per person Foreign Child (5-12yrs)": "200", 
      "per person Indian Adult": "75", 
      "per person Indian Child (5-12yrs)": "40"
    }, 
    "timings": "9:30 AM - 6:00 PM"
  }, 
  {
    "days-of-week": "All days of the week", 
    "name": "artchill gallery", 
    "timings": "8:30 AM - 6:30 AM"
  }, 
  {
    "days-of-week": "Mon, Tue, Wed, Thu, Fri", 
    "name": "samanvai", 
    "timings": "11:00 AM - 5:00 PM"
  }, 
  {
    "days-of-week": "All days of the week except Sunday", 
    "name": "shrinath art gallery", 
    "timings": "10:00 AM - 8:00 PM"
  }, 
  {
    "days-of-week": "All days of the week except Sunday", 
    "name": "dwarkas jewellers", 
    "timings": "9:30 AM - 7:30 PM"
  }, 
  {
    "days-of-week": "All days of the week", 
    "name": "kalaneri art gallery", 
    "timings": "7:00 AM - 8:30 PM"
  }, 
  {
    "days-of-week": "All days of the week", 
    "name": "ica gallery", 
    "timings": "10:00 AM - 6:00 PM"
  }, 
  {
    "days-of-week": "All days of the week", 
    "name": "juneja art gallery", 
    "timings": "10:00 AM - 8:00 PM"
  }, 
  {
    "days-of-week": "All days of the week", 
    "name": "juneja art gallery", 
    "timings": "10:00 AM - 8:00 PM"
  }, 
  {
    "name": "ishwar lat", 
    "prices": {
      "per person for adults": "20"
    }
  }, 
  {
    "name": "calvary bible church", 
    "prices": {}
  }, 
  {
    "name": "chamtkareshwar hanuman temple"
  }, 
  {
    "name": "akbar kos minar", 
    "prices": {}
  }, 
  {
    "name": "the statue circle", 
    "prices": {
      "No entry fee": "0"
    }
  }, 
  {
    "days-of-week": "All days of the week", 
    "name": "surya mandir", 
    "timings": "5:00 AM - 5:30 PM"
  }, 
  {
    "name": "baglamukhi sadhna kendra"
  }, 
  {
    "days-of-week": "All days of the week", 
    "name": "diwan-e-am", 
    "timings": "9:30 AM - 6:00 PM"
  }, 
  {
    "days-of-week": "Mon, Tue, Wed, Thu, Fri", 
    "name": "jhalana nature park (nahagarh biological park)", 
    "timings": "9:00 AM - 5:00 PM"
  }, 
  {
    "name": "jain mandir"
  }, 
  {
    "days-of-week": "All days of the week", 
    "name": "inox", 
    "timings": "9:30 AM - till late (Depending upon the show)"
  }, 
  {
    "name": "fun cinema"
  }, 
  {
    "name": "mata mandir"
  }, 
  {
    "name": "shree ganesh dham", 
    "prices": {}
  }, 
  {
    "name": "durga mata mandir"
  }, 
  {
    "name": "agape fellowship church"
  }, 
  {
    "name": "fun cinema"
  }, 
  {
    "name": "amer mavtha", 
    "prices": {}
  }, 
  {
    "name": "shree lal hanuman mandir", 
    "prices": {}
  }, 
  {
    "name": "hanumanji mandir"
  }, 
  {
    "name": "shree gopinath mandir"
  }, 
  {
    "name": "bheru temple"
  }, 
  {
    "name": "mangal ganesh temple"
  }, 
  {
    "name": "baradiwale babaji temple"
  }, 
  {
    "name": "maharani palace"
  }, 
  {
    "name": "guru maharaj mandir"
  }, 
  {
    "name": "bheru temple"
  }, 
  {
    "name": "shri krishna mandir"
  }, 
  {
    "name": "hari mandir"
  }, 
  {
    "name": "bhagwan jagdish temple"
  }, 
  {
    "name": "shree maheshwar mandir"
  }, 
  {
    "name": "chahal art gallery"
  }, 
  {
    "name": "brethren church"
  }, 
  {
    "name": "santoshi mata mandir"
  }, 
  {
    "name": "nand mahal"
  }, 
  {
    "name": "swami ganga das mandir"
  }, 
  {
    "name": "tatkal bhairav mandir"
  }, 
  {
    "name": "badaran temple"
  }, 
  {
    "name": "mandir shree gopinathji"
  }, 
  {
    "name": "om chandreshwar mahadev mandir"
  }, 
  {
    "days-of-week": "Mon, Tue, Wed, Thu, Fri", 
    "name": "mandir shri veer teja ji", 
    "timings": "6:00 AM - 10:00 PM"
  }, 
  {
    "days-of-week": "All days of the week", 
    "name": "brij nidhi mandir", 
    "timings": null
  }, 
  {
    "name": "ag church"
  }, 
  {
    "name": "mansamata temple"
  }, 
  {
    "name": "arya nagar temple"
  }, 
  {
    "days-of-week": "All days of the week", 
    "name": "bhuteshwar mahadev temple", 
    "timings": "12:00 AM - 11:59 PM"
  }, 
  {
    "name": "siddhi vinayak temple"
  }, 
  {
    "days-of-week": "All days of the week except Sunday", 
    "name": "sri shitala mata mandir", 
    "timings": "10:00 AM - 6:00 PM"
  }, 
  {
    "name": "sri narayan guru mandir"
  }, 
  {
    "name": "siddheshwar mahadev mandir"
  }, 
  {
    "name": "mandir shri sita ram ji"
  }, 
  {
    "name": "shree radha krishan mandir"
  }, 
  {
    "name": "shri jameshwar mandir"
  }, 
  {
    "name": "shree shiv shakthi temple"
  }, 
  {
    "name": "shiv shankar temple"
  }, 
  {
    "name": "sankat mochan hanuman mandir"
  }, 
  {
    "name": "radha govind mandir"
  }, 
  {
    "name": "shree mahaveer digambar jain temple"
  }, 
  {
    "name": "teja ji maharaj's temple"
  }, 
  {
    "name": "mahakal mahadev mandir"
  }, 
  {
    "name": "mahadev temple"
  }, 
  {
    "name": "mahadev temple"
  }, 
  {
    "name": "maha savitri mandir"
  }, 
  {
    "name": "mahadev temple"
  }, 
  {
    "name": "lakshmi mandir theatre"
  }, 
  {
    "name": "janaki balaji mandir"
  }, 
  {
    "name": "jai hanuman mandir"
  }, 
  {
    "days-of-week": "All days of the week", 
    "name": "jagdish mandir", 
    "timings": "6:00 AM - 8:00 PM"
  }, 
  {
    "name": "jogeshwari mahadev mandir"
  }, 
  {
    "name": "bhawani mataji mandir"
  }, 
  {
    "name": "annat devji mandir"
  }, 
  {
    "name": "thakur temple"
  }, 
  {
    "name": "shiv temple tagore nagar", 
    "prices": {}
  }, 
  {
    "name": "suraj devra mandir"
  }, 
  {
    "name": "shri veer hanuman mandir"
  }, 
  {
    "name": "shree shani dev mandir"
  }, 
  {
    "name": "sri sankat mochan hanuman mandir"
  }, 
  {
    "name": "sri ram jal mandir"
  }, 
  {
    "name": "shri ram chander ji mandir"
  }, 
  {
    "name": "sri manshapurn mahadev"
  }, 
  {
    "days-of-week": "All days of the week", 
    "name": "shree mahakaleshwar mahadev mandir", 
    "timings": "12:00 AM - 12:00 AM"
  }, 
  {
    "name": "sri gyaneshwer maharaj mandir"
  }, 
  {
    "name": "siddhi vinayak mandir"
  }, 
  {
    "name": "shri mangleshwar mahadev mandir"
  }, 
  {
    "name": "shri laxmi narayan mandir"
  }, 
  {
    "name": "shree ram shiv mandir"
  }, 
  {
    "name": "shri tatkaleshwar shiv mandir"
  }, 
  {
    "name": "shiv hanuman temple"
  }, 
  {
    "name": "shiv hanuman mandir"
  }, 
  {
    "name": "shiv and hanuman temple"
  }, 
  {
    "name": "gauri shankar mandir"
  }, 
  {
    "name": "shani mandir"
  }, 
  {
    "name": "shani dev mandir"
  }, 
  {
    "name": "om shiv hanuman mandir"
  }, 
  {
    "name": "satyanarayan mandir"
  }, 
  {
    "name": "chintaharan hanuman mandir"
  }, 
  {
    "name": "hanumanji temple"
  }, 
  {
    "name": "gopeshwar mahadev mandir", 
    "prices": {}
  }, 
  {
    "name": "bheru jee ka mandir"
  }, 
  {
    "name": "durga mata temple"
  }, 
  {
    "name": "ganesh and shiv temple"
  }, 
  {
    "name": "dakshin mukhi balaji hanuman mandir"
  }, 
  {
    "name": "ambikeshwar mahadev mandir"
  }, 
  {
    "name": "ashutosh mahadev mandir"
  }, 
  {
    "name": "balmikeshver mandir"
  }, 
  {
    "name": "asha ram puram mahadev mandir"
  }, 
  {
    "name": "bhagwan vishnu mandir"
  }, 
  {
    "name": "gayatri chan mandir"
  }, 
  {
    "name": "biradraj temple"
  }, 
  {
    "name": "durga mata mandir"
  }, 
  {
    "name": "biyarji mandir"
  }, 
  {
    "name": "gyara rudra mahadev mandir"
  }, 
  {
    "name": "shiv mandir"
  }, 
  {
    "name": "bheru ji mandir"
  }, 
  {
    "name": "dev narayan temple"
  }, 
  {
    "name": "mahadev mandir"
  }, 
  {
    "name": "surya dev sarvajanik mandir"
  }, 
  {
    "days-of-week": "All days of the week", 
    "name": "mandir shree baldev ji", 
    "timings": "12:00 AM - 12:00 AM"
  }, 
  {
    "name": "shiv gyan mandir"
  }, 
  {
    "name": "mandir shri rameshwar mahadev"
  }, 
  {
    "name": "mata mandir"
  }, 
  {
    "name": "shree mahakaleshwar mahadev mandir"
  }, 
  {
    "name": "mahadev mandir"
  }, 
  {
    "name": "jhulelal temple"
  }, 
  {
    "name": "jhulelal mandir"
  }, 
  {
    "name": "hansh vihar mandir"
  }, 
  {
    "name": "durga temple"
  }, 
  {
    "name": "bhumiya mata temple"
  }, 
  {
    "name": "bal nath mandir"
  }, 
  {
    "name": "astbhuja temple"
  }, 
  {
    "name": "shree shiridi sai mandir"
  }, 
  {
    "days-of-week": "All days of the week", 
    "name": "jai niwas garden", 
    "timings": "9:30 AM - 4:45 PM"
  }, 
  {
    "name": "aradhana sthal temple"
  }, 
  {
    "name": "hanuman mandir"
  }, 
  {
    "name": "jhalana park"
  }, 
  {
    "days-of-week": "Sun", 
    "name": "marthoma church", 
    "timings": "8:30 PM - 11:00 AM"
  }, 
  {
    "name": "mnit temple"
  }, 
  {
    "name": "durga mandir"
  }, 
  {
    "name": "geeta mandir"
  }, 
  {
    "name": "ganga mata mandir"
  }, 
  {
    "name": "mani mahal"
  }, 
  {
    "name": "ajmera garden", 
    "prices": {}
  }, 
  {
    "days-of-week": "Fri", 
    "name": "sda church", 
    "timings": "6:30 PM - 8:00 PM"
  }, 
  {
    "name": "laxmi narayan temple"
  }, 
  {
    "name": "ganesh mandir"
  }, 
  {
    "name": "shri siddheshwar mahadev mandir"
  }, 
  {
    "name": "ram hanuman mandir"
  }, 
  {
    "name": "mangla mata temple"
  }, 
  {
    "name": "shri jhulelal mandir"
  }, 
  {
    "name": "tatkaleshwar mahadev mandir"
  }, 
  {
    "name": "radha krishna mandir"
  }, 
  {
    "name": "catholic church", 
    "prices": {}
  }, 
  {
    "name": "amer park"
  }, 
  {
    "name": "shri ram mandir"
  }, 
  {
    "name": "mandir shree chintaharan hanuman mandir"
  }, 
  {
    "name": "hanuman temple"
  }, 
  {
    "name": "amer rf narayangarh rf mahabali"
  }, 
  {
    "name": "ambagarh reserve forest", 
    "prices": {}
  }, 
  {
    "name": "shaheed bhagat singh park"
  }, 
  {
    "days-of-week": "All days of the week", 
    "name": "jorawar singh gate", 
    "prices": {}, 
    "timings": "12:00 AM - 11:59 PM"
  }, 
  {
    "name": "ram ganj chaupar"
  }, 
  {
    "name": "surajpol gate"
  }, 
  {
    "name": "ghat gate", 
    "prices": {}
  }, 
  {
    "name": "st xaviers church"
  }, 
  {
    "name": "charbhuja mandir"
  }, 
  {
    "name": "saroj cinema hall"
  }, 
  {
    "name": "big cinemas cinestar"
  }, 
  {
    "name": "gem cinema"
  }, 
  {
    "name": "jaivana cannon", 
    "prices": {}
  }, 
  {
    "name": "hanuman mandir"
  }, 
  {
    "name": "shiv temple"
  }, 
  {
    "name": "first india news"
  }, 
  {
    "name": "church of god"
  }, 
  {
    "name": "birla temple"
  }, 
  {
    "days-of-week": "All days of the week", 
    "name": "sky waltz cafe", 
    "timings": "8:30 AM - 11:45 PM"
  }, 
  {
    "name": "first india news"
  }, 
  {
    "days-of-week": "Sat", 
    "name": "full gospel church,jaipur", 
    "timings": "9:30 AM - 11:00 AM"
  }, 
  {
    "days-of-week": "Sat", 
    "name": "full gospel church,jaipur", 
    "timings": "9:30 AM - 11:00 AM"
  }, 
  {
    "days-of-week": "All days of the week except Sunday", 
    "name": "lallgarh palace", 
    "prices": {
      "per person": "25"
    }, 
    "timings": "10:00 AM - 5:00 PM"
  }, 
  {
    "days-of-week": "All days of the week", 
    "name": "junagarh fort", 
    "prices": {
      "per person for Foreigners": "300", 
      "per person for Indian students": "30", 
      "per person for Indians": "50", 
      "per person for foreigner students": "150"
    }, 
    "timings": "10:00 AM - 4:30 PM"
  }, 
  {
    "days-of-week": "All days of the week except Sunday", 
    "name": "sadul museum", 
    "prices": {
      "per person for Foreigners": "20", 
      "per person for Indians": "10"
    }, 
    "timings": "10:00 AM  - 5:00 PM"
  }, 
  {
    "days-of-week": "All days of the week", 
    "name": "prachina museum", 
    "prices": {
      " for Still Camera": "20", 
      " for Video Camera": "75", 
      "per person for Children and Students": "5", 
      "per person for Foreigners": "25", 
      "per person for Indians": "10"
    }, 
    "timings": "9:00 AM - 6:00 PM"
  }, 
  {
    "days-of-week": "All days of the week", 
    "name": "karni mata temple", 
    "timings": "5:00 AM - 10: 00 PM"
  }, 
  {
    "days-of-week": "All days of the week except Sunday", 
    "name": "ganga golden jubilee museum", 
    "prices": {
      "per person": "5"
    }, 
    "timings": "10:00 AM - 5:00 PM"
  }, 
  {
    "days-of-week": "All days of the week except Friday", 
    "name": "ganga singh museum", 
    "prices": {
      "per person": "3"
    }, 
    "timings": "10:00 AM - 4:30 PM"
  }, 
  {
    "days-of-week": "All days of the week", 
    "name": "shiv bari temple", 
    "timings": "7:00 AM - 7:00 PM"
  }, 
  {
    "days-of-week": "All days of the week except Sunday", 
    "name": "rajasthan state archives", 
    "prices": {
      "No entry fee": "0"
    }, 
    "timings": "10:00 AM - 4:30 PM"
  }, 
  {
    "name": "imperial art gallery", 
    "prices": {
      "No entry fee": "0"
    }
  }, 
  {
    "name": "gajner wildlife sanctuary", 
    "prices": {
      "per person": "100"
    }
  }, 
  {
    "name": "kolayatji temple"
  }, 
  {
    "name": "gajner lake", 
    "prices": {
      "No entry fee": "0"
    }
  }, 
  {
    "name": "devi kund sagar ", 
    "prices": {
      "per person": "30"
    }
  }, 
  {
    "name": "kodamdeshwar temple"
  }, 
  {
    "name": "gajner palace", 
    "prices": {
      "per person": "100"
    }
  }, 
  {
    "name": "kote gate"
  }, 
  {
    "name": "laxmi nath temple"
  }, 
  {
    "name": "sri ram mandir"
  }, 
  {
    "name": "ratan behari temple", 
    "prices": {}
  }, 
  {
    "name": "shani mandir"
  }, 
  {
    "name": "hari ram mandir"
  }, 
  {
    "name": "sai baba temple"
  }, 
  {
    "name": "bada ganesh ji temple"
  }, 
  {
    "days-of-week": "All days of the week", 
    "name": "nagnechi mandir", 
    "timings": null
  }, 
  {
    "name": "ganga singh statue"
  }, 
  {
    "days-of-week": "All days of the week", 
    "name": "suraj talkies", 
    "timings": "9:00 AM - 12:00 AM"
  }, 
  {
    "name": "ramdev baba mandir"
  }, 
  {
    "name": "panchmukhi hanuman mandir"
  }, 
  {
    "name": "maa bhatiyani temple"
  }, 
  {
    "name": "hanuman temple"
  }, 
  {
    "name": "hanuman mandir"
  }, 
  {
    "name": "baba ramdev temple"
  }, 
  {
    "name": "brahm kumari mandir"
  }, 
  {
    "name": "ganesh mandir"
  }, 
  {
    "name": "jagdish mandir"
  }, 
  {
    "name": "bagi nada hanuman mandir"
  }, 
  {
    "name": "kharnada hanuman mandir"
  }, 
  {
    "name": "gayatri mata temple"
  }, 
  {
    "name": "shri guru jambheshwar mandir"
  }, 
  {
    "name": "hari ramji temple new lane"
  }, 
  {
    "name": "goli hanumanji temple"
  }, 
  {
    "name": "bhootnath mahadev mandir"
  }, 
  {
    "name": "ma karni mandir"
  }, 
  {
    "name": "chetan mahadev mandir"
  }, 
  {
    "name": "cni church"
  }, 
  {
    "name": "sri mansapuram mandir"
  }, 
  {
    "name": "gopi nath ji mandir"
  }, 
  {
    "name": "chardham ram mandir"
  }, 
  {
    "name": "sri shiv temple"
  }, 
  {
    "name": "sri parshav nath mandir"
  }, 
  {
    "name": "sri laleshwar mahadev mandir"
  }, 
  {
    "name": "surajbhan mandir"
  }, 
  {
    "name": "sri shirdi sai mandir"
  }, 
  {
    "name": "sri ayappa mandir"
  }, 
  {
    "name": "sankat mochan hanuman mandir"
  }, 
  {
    "name": "vishwakarma temple"
  }, 
  {
    "name": "vashno devi mandir"
  }, 
  {
    "name": "tulsi kutir mandir"
  }, 
  {
    "name": "sri ramdev temple"
  }, 
  {
    "name": "shubham garden sadulganj"
  }, 
  {
    "name": "shiv shakti mandir"
  }, 
  {
    "name": "rani laxmi bai park 2"
  }, 
  {
    "name": "rangoli mahadev temple"
  }, 
  {
    "name": "ragunath mandir"
  }, 
  {
    "name": "natkhat bana mandir"
  }, 
  {
    "name": "narsingh bhagwan mandir"
  }, 
  {
    "name": "narmadeshwar mahadev mandir"
  }, 
  {
    "name": "nandishwar mahadev mandir"
  }, 
  {
    "name": "mata ji temple"
  }, 
  {
    "name": "marunayak temple"
  }, 
  {
    "name": "markandeswer temple"
  }, 
  {
    "name": "kheteshwar temple"
  }, 
  {
    "name": "karni theatre"
  }, 
  {
    "name": "kali mata temple"
  }, 
  {
    "name": "higulaj temple"
  }, 
  {
    "name": "hari ram baba temple"
  }, 
  {
    "name": "gayatri temple"
  }, 
  {
    "name": "gop nath mahadev temple"
  }, 
  {
    "name": "gayatri mata mandir"
  }, 
  {
    "name": "ganga theatre"
  }, 
  {
    "name": "ganesh shiv temple"
  }, 
  {
    "name": "ekisiya ganesh mandir"
  }, 
  {
    "name": "dharni dhar mandir"
  }, 
  {
    "name": "sardul singh statue"
  }, 
  {
    "name": "raj mandir"
  }, 
  {
    "name": "cine magic big cinemas"
  }, 
  {
    "name": "vikramaditya ka tilla"
  }, 
  {
    "name": "thar desert"
  }, 
  {
    "name": "soor sagar"
  }, 
  {
    "name": "mini soorsagar"
  }, 
  {
    "name": "imperial arts gallery"
  }, 
  {
    "name": "dungarpur fort"
  }, 
  {
    "name": "sabela lake"
  }, 
  {
    "name": "dhaneshwar mahadev mandir"
  }, 
  {
    "name": "bijay raj rajeshwar mandir"
  }, 
  {
    "name": "mahakal mandir"
  }, 
  {
    "name": "badal mahal"
  }, 
  {
    "name": "sai baba mandir"
  }, 
  {
    "name": "mataji temple"
  }, 
  {
    "name": "juna mahal"
  }, 
  {
    "name": "gaib sagar lake"
  }, 
  {
    "name": "juna mahal "
  }, 
  {
    "name": "gaib sagar lake "
  }, 
  {
    "name": "deo somnath temple "
  }, 
  {
    "name": "hathi pole", 
    "prices": {}
  }, 
  {
    "days-of-week": "All days of the week", 
    "name": "speed boating at fateh sagar lake", 
    "prices": {
      "per person onwards": "200"
    }, 
    "timings": "8:00 AM - 4:30 PM"
  }, 
  {
    "name": "tibetan market", 
    "prices": {}
  }, 
  {
    "days-of-week": "All days of the week", 
    "name": "city palace", 
    "prices": {
      "per person for Indians & International tourists both": "250", 
      "per person for Indians & International tourists both (from 9 to 10 am)": "500", 
      "per person for children": "100"
    }, 
    "timings": "9:00 AM - 5:00 PM"
  }, 
  {
    "days-of-week": "All days of the week", 
    "name": "bagore ki haveli", 
    "prices": {
      " for camera": "100", 
      "per person": "25"
    }, 
    "timings": "10:00 AM - 5:30 PM"
  }, 
  {
    "days-of-week": "All days of the week", 
    "name": "pichola lake", 
    "prices": {
      "no entry fee": "0"
    }, 
    "timings": "9:00 AM - 6:00 PM"
  }, 
  {
    "name": "sadhna emporium ", 
    "prices": {}
  }, 
  {
    "days-of-week": "All days of the week", 
    "name": "vintage car museum", 
    "prices": {
      "per person for adults": "150", 
      "per person for children (5 to 12 years)": "95"
    }, 
    "timings": "09.00 AM - 08.00 PM"
  }, 
  {
    "name": "fateh sagar lake", 
    "prices": {
      "No entry fee": "0"
    }
  }, 
  {
    "days-of-week": "All days of the week", 
    "name": "saas bahu temple", 
    "prices": {
      "no entry fee": "0"
    }, 
    "timings": null
  }, 
  {
    "days-of-week": "All days of the week", 
    "name": "ahar cenotaphs", 
    "prices": {
      "no entry fee": "0"
    }, 
    "timings": "7:00 AM - 4:00 PM"
  }, 
  {
    "days-of-week": "All days of the week", 
    "name": "monsoon palace", 
    "timings": "9:30 AM - 6:30 PM"
  }, 
  {
    "days-of-week": "All days of the week", 
    "name": "ranakpur temple", 
    "prices": {
      "no entry fee": "0"
    }, 
    "timings": "7:00 AM - 7:00 PM"
  }, 
  {
    "days-of-week": "All days of the week", 
    "name": "saheliyon ki bari", 
    "prices": {
      "per person": "5"
    }, 
    "timings": "9:00 AM - 7:00 PM"
  }, 
  {
    "name": "karni mata temple", 
    "prices": {
      "No Entry Fee": "0"
    }
  }, 
  {
    "name": "gulab bagh", 
    "prices": {
      "per person for Adults": "25"
    }
  }, 
  {
    "name": "rajasmand lake", 
    "prices": {
      "No Entry Fee": "0"
    }
  }, 
  {
    "name": "jaisamand lake", 
    "prices": {
      "No Entry Fee": "0"
    }
  }, 
  {
    "name": "sukhadia circle", 
    "prices": {
      "No entry Fee": "0"
    }
  }, 
  {
    "days-of-week": "All days of the week", 
    "name": "kumbhalgarh fort", 
    "prices": {
      "per person for Indians": "10", 
      "per person for foreign tourists": "100"
    }, 
    "timings": "9:00 AM - 6:00 PM"
  }, 
  {
    "name": "udai sagar lake", 
    "prices": {
      "No Entry Fee": "0"
    }
  }, 
  {
    "days-of-week": "All days of the week", 
    "name": "crystal gallery", 
    "prices": {
      "per person Entry Fee (Children Between 5-12)": "370", 
      "per person Entry Fee (adult)": "580"
    }, 
    "timings": null
  }, 
  {
    "days-of-week": "All days of the week", 
    "name": "jagdish temple", 
    "prices": {
      "no entry fee": "0"
    }, 
    "timings": null
  }, 
  {
    "days-of-week": "All days of the week", 
    "name": "nehru garden (fateh sagar)", 
    "prices": {
      "per person For Indians": "15", 
      "per person for Foreigners": "60"
    }, 
    "timings": "9:00 AM - 6:00 PM"
  }, 
  {
    "name": "jag mandir island palace", 
    "prices": {
      "per person Adult (boat ride for 30 mins)": "225", 
      "per person Adult (boat ride for an hour)": "325", 
      "per person Child (boat ride for 30 mins)": "115", 
      "per person Child (boat ride for an hour)": "165"
    }
  }, 
  {
    "name": "swaroop sagar", 
    "prices": {}
  }, 
  {
    "days-of-week": "All days of the week", 
    "name": "our lady of fatima cathedral", 
    "prices": {}, 
    "timings": "7:30 AM - 7:30 PM"
  }, 
  {
    "days-of-week": "All days of the week", 
    "name": "shri balaji hanuman mandir", 
    "timings": "9:00 AM - 9:00 PM"
  }, 
  {
    "name": "moti magri", 
    "prices": {
      "per person Adult": "25", 
      "per person Autorickshaw": "10", 
      "per person Child": "15", 
      "per person Scooter": "5"
    }
  }, 
  {
    "name": "udaipur solar observatory"
  }, 
  {
    "name": "bohra ganesh ji temple"
  }, 
  {
    "days-of-week": "All days of the week except Friday", 
    "name": "government museum", 
    "timings": "9:30 AM - 5:00 PM"
  }, 
  {
    "name": "duddhtalaii and musical garden"
  }, 
  {
    "name": "doodh talai"
  }, 
  {
    "name": "lalit lakshmi vilas palace"
  }, 
  {
    "name": "arya samaj mandir"
  }, 
  {
    "name": "bal kalyag rai ji temple"
  }, 
  {
    "name": "durga temple"
  }, 
  {
    "name": "hanuman mandir"
  }, 
  {
    "name": "vijayeshwar mataji mandir"
  }, 
  {
    "name": "shri sanatan dharam mandir"
  }, 
  {
    "name": "hanuman mandir"
  }, 
  {
    "name": "shiv mandir"
  }, 
  {
    "name": "shri ratan garh hanuman mandir"
  }, 
  {
    "name": "bateshwer mahadev mandir"
  }, 
  {
    "name": "shri shri 108 lakshmi narayan mandir"
  }, 
  {
    "name": "shri lakshmi narayan mandir"
  }, 
  {
    "name": "shri bhawa ganesh mandir"
  }, 
  {
    "name": "mandir shri guru maharaj jarabdeshwer dashanam gouswami samaj"
  }, 
  {
    "name": "jyoteshwar mahadev temple"
  }, 
  {
    "name": "shri hathila hanumanji mandir"
  }, 
  {
    "name": "mankameshwer shiv mandir"
  }, 
  {
    "name": "sankat mochan hanuman mandir"
  }, 
  {
    "name": "shri asha pura mataji mandir"
  }, 
  {
    "name": "ram mandir"
  }, 
  {
    "name": "shri shani dev mandir"
  }, 
  {
    "name": "shri seeta mata mandir"
  }, 
  {
    "name": "bada alkari baba temple"
  }, 
  {
    "name": "nursingh bhagwan mandir"
  }, 
  {
    "name": "khakhal dev gau ayad mandir"
  }, 
  {
    "name": "shiv mandir pratap nagar"
  }, 
  {
    "name": "shri jharneshwar mahadev and shri veer dhaneshwar hanuman mandir"
  }, 
  {
    "name": "bhairo ji mandir"
  }, 
  {
    "name": "hanuman mandir"
  }, 
  {
    "name": "shiv mandir hanuman mandir"
  }, 
  {
    "name": "ram ji mandir"
  }, 
  {
    "name": "jal bruj mandir"
  }, 
  {
    "name": "sai baba mandir"
  }, 
  {
    "name": "bholenath mandir"
  }, 
  {
    "name": "shri nav durga mata ji mandir"
  }, 
  {
    "name": "shri char bhuja mandir"
  }, 
  {
    "name": "shri pataleshwar hanuman mandir"
  }, 
  {
    "name": "shitla mata mandir"
  }, 
  {
    "name": "shri prabhu shyam ji mandir"
  }, 
  {
    "name": "shri shri 1008 shri bharat singh ji babu ji bhaironath ji mandir"
  }, 
  {
    "name": "kajri art cottage showroom"
  }, 
  {
    "name": "maha rana museum"
  }, 
  {
    "name": "shri mehndipur bala ji temple"
  }, 
  {
    "name": "shri vaikunt dham shri mansha purn mahadev temple"
  }, 
  {
    "name": "shri veer shakti hanuman mandir"
  }, 
  {
    "name": "mahadev temple"
  }, 
  {
    "name": "amreshwar maha dev mandir"
  }, 
  {
    "name": "shri jaggi baba ji raj mandir"
  }, 
  {
    "name": "shri bala ji mandir"
  }, 
  {
    "name": "shri mansa purn mahadev mandir"
  }, 
  {
    "name": "rameshwar mahadev mandir"
  }, 
  {
    "name": "khera mata mandir"
  }, 
  {
    "name": "shri gotmeshwar mahadev mandir"
  }, 
  {
    "name": "shri mahadev mandir"
  }, 
  {
    "name": "shri kalka ji mandir"
  }, 
  {
    "name": "someshwar mahadev mandir"
  }, 
  {
    "name": "shri mela mata mandir baba sita ram ji ashram"
  }, 
  {
    "name": "nikhleshwar mahadev mandir"
  }, 
  {
    "name": "bhairav mahadev mandir"
  }, 
  {
    "name": "shri mansa purn hanuman mandir"
  }, 
  {
    "name": "melari mata mandir"
  }, 
  {
    "name": "psa provincial house"
  }, 
  {
    "name": "alakh narayan mandir"
  }, 
  {
    "name": "takhman 28 art centre"
  }, 
  {
    "name": "rokariya hanuman mandir"
  }, 
  {
    "name": "krishan gallery contemporary art works"
  }, 
  {
    "name": "jai ambey mata ji mandir"
  }, 
  {
    "name": "rajasthan penti council church filadelfiya fellowship church"
  }, 
  {
    "name": "maha rani garden"
  }, 
  {
    "name": "shri mahadev mandir"
  }, 
  {
    "name": "shri amriteshwer mahadev mandir"
  }, 
  {
    "name": "hati mati mataji mandir"
  }, 
  {
    "name": "sati mata mandir"
  }, 
  {
    "name": "fatehshwer mahadev mandir"
  }, 
  {
    "name": "shri data pati hanuman mandir"
  }, 
  {
    "name": "amba mata mandir"
  }, 
  {
    "name": "shri sidh hanumanji sidh bheshnath ji mandir"
  }, 
  {
    "name": "shri manshapurn hanuman ji mandir"
  }, 
  {
    "name": "shri satyeshwer mahadev mandir"
  }, 
  {
    "name": "suraj pol sun gate"
  }, 
  {
    "name": "nimach mata mandir"
  }, 
  {
    "name": "mohan mandir"
  }, 
  {
    "name": "shri vasupujyamaharaj mandir trust temple"
  }, 
  {
    "name": "shiv temple"
  }, 
  {
    "name": "maharana kumbha museum"
  }, 
  {
    "name": "mewar art gallery"
  }, 
  {
    "name": "shri motishwar mahadev temple"
  }, 
  {
    "name": "jodhpuriyaji temple"
  }, 
  {
    "name": "kalka mata mandir"
  }, 
  {
    "name": "malikajuna mahadev mandir"
  }, 
  {
    "name": "safari park sujjagarh"
  }, 
  {
    "name": "sri chandra prasad nath temple"
  }, 
  {
    "name": "sri jaggarnath mandir"
  }, 
  {
    "name": "durga mata mandir"
  }, 
  {
    "name": "sri pala ganesh mandir"
  }, 
  {
    "name": "sri someshwar hanuman mandir"
  }, 
  {
    "name": "sri hanuman mandir"
  }, 
  {
    "name": "hanuman mandir"
  }, 
  {
    "name": "dudhiya ganesh mandir"
  }, 
  {
    "name": "sri shiv mandir"
  }, 
  {
    "name": "ratan jal mandir"
  }, 
  {
    "name": "fateh balaji mandir"
  }, 
  {
    "name": "krishna vilas"
  }, 
  {
    "name": "sheesh mahal"
  }, 
  {
    "name": "rukmani art gallery"
  }, 
  {
    "name": "chini chitrashala"
  }, 
  {
    "name": "mandalaia ji bavaji ka mandir"
  }, 
  {
    "name": "ambamata temple"
  }, 
  {
    "name": "shiv temple"
  }, 
  {
    "name": "pratap nagar shiv mandir"
  }, 
  {
    "name": "pashupati nath temple"
  }, 
  {
    "name": "kishan lal ji bhopaji ka devra mandir"
  }, 
  {
    "name": "hazareshwar mahadev temple"
  }, 
  {
    "name": "avri mata ka mandir"
  }, 
  {
    "name": "zanana mahal"
  }, 
  {
    "name": "sita mata mandir"
  }, 
  {
    "name": "manji mandir"
  }, 
  {
    "name": "mahakaleshwar mandir"
  }, 
  {
    "name": "hast mata mandir"
  }, 
  {
    "name": "bara ramdwara"
  }, 
  {
    "name": "united church of northern india"
  }, 
  {
    "name": "satyam shivam sundaram garden"
  }, 
  {
    "name": "sukh sagar palace"
  }, 
  {
    "name": "pushkar guru pawan dham"
  }, 
  {
    "name": "guru gobind singh park"
  }, 
  {
    "name": "sanjay garden"
  }, 
  {
    "name": "arawali park"
  }, 
  {
    "name": "samon bagh garden"
  }, 
  {
    "name": "pratap museum"
  }, 
  {
    "name": "maharana pratap memorial"
  }, 
  {
    "name": "bharatiya lok kala mandal"
  }, 
  {
    "name": "samshergarh fort"
  }, 
  {
    "name": "swaroop tej bihari temple"
  }, 
  {
    "name": "sheetal nath maharaj mandir"
  }, 
  {
    "name": "neemach mata mandir"
  }, 
  {
    "name": "ram temple"
  }, 
  {
    "name": "delhi darwaza"
  }, 
  {
    "days-of-week": "All days of the week except Monday", 
    "name": "contemporary art gallery", 
    "timings": "12:00 PM - 6:00 PM"
  }, 
  {
    "name": "gaytri shakti peeth"
  }, 
  {
    "name": "sati mata mandir"
  }, 
  {
    "name": "bhim vilas"
  }, 
  {
    "name": "hanuman temple"
  }, 
  {
    "name": "hanuman mandir"
  }, 
  {
    "name": "ashapura mata ji mandir"
  }, 
  {
    "name": "rajiv gandhi garden"
  }, 
  {
    "name": "southern temple"
  }, 
  {
    "name": "radha krishna mandir"
  }, 
  {
    "name": "hanuman mandir"
  }, 
  {
    "name": "hanuman mandir"
  }, 
  {
    "name": "hanuman temple"
  }, 
  {
    "name": "gupteshwar mahadev temple"
  }, 
  {
    "name": "jawahar park"
  }, 
  {
    "name": "rajiv gandhi memorial park"
  }, 
  {
    "days-of-week": "All days of the week", 
    "name": "mahalaxmi mandir", 
    "timings": "7:00 AM - 11:00 AM"
  }, 
  {
    "name": "moti mahal"
  }, 
  {
    "name": "welcome garden"
  }, 
  {
    "name": "musical fountain"
  }, 
  {
    "name": "peacock courtyard"
  }, 
  {
    "name": "styarth prakash stup"
  }, 
  {
    "name": "machala magra hill"
  }, 
  {
    "name": "paras talkies"
  }, 
  {
    "name": "ashoka cinema"
  }, 
  {
    "name": "picture palace"
  }, 
  {
    "name": "swapnalok cinema"
  }, 
  {
    "name": "chetak cinema"
  }, 
  {
    "days-of-week": "All days of the week", 
    "name": "shakambari devi mandir", 
    "timings": "5:30 AM - 9:00 PM"
  }, 
  {
    "name": "haldi ghati"
  }, 
  {
    "name": "jungle safari at sariska national park", 
    "prices": {
      " per video camera": "400", 
      "per jeep All inclusive Safari for 6 people": "4,200", 
      "per person for Foreign Nationals": "470", 
      "per person for Indians": "80"
    }
  }, 
  {
    "days-of-week": "All days of the week", 
    "name": "sariska wildlife sanctuary", 
    "prices": {
      "per person Entry Fee for jeep for 6 Passengers": "2,650", 
      "per person Indian tourists": "80", 
      "per person International tourists": "470", 
      "per person Video camera": "400"
    }, 
    "timings": "6:00 AM - 4:00 PM"
  }, 
  {
    "days-of-week": "All days of the week", 
    "name": "siliserh lake", 
    "prices": {
      "no entry fee": "0"
    }, 
    "timings": "5:00 AM - 8:00 PM"
  }, 
  {
    "days-of-week": "All days of the week", 
    "name": "bhangarh fort", 
    "timings": "6:00 AM - 6:00 PM"
  }, 
  {
    "name": "vijay mandir mahal", 
    "prices": {}
  }, 
  {
    "days-of-week": "All days of the week", 
    "name": "bala quila", 
    "prices": {
      "no entry fee": "0"
    }, 
    "timings": "10:00 AM - 4:30 PM"
  }, 
  {
    "name": "company bagh", 
    "prices": {
      "no entry fee": "0"
    }
  }, 
  {
    "days-of-week": "All days of the week", 
    "name": "government museum", 
    "prices": {
      "per person Foreign Nationals": "10", 
      "per person Indians": "5"
    }, 
    "timings": "10:00 AM - 5:00 PM"
  }, 
  {
    "days-of-week": "All days of the week except Friday", 
    "name": "vinay vilas mahal", 
    "prices": {
      "per person (Museum entry fee)": "3"
    }, 
    "timings": "10:00 AM - 6:00 PM"
  }, 
  {
    "days-of-week": "All days of the week", 
    "name": "jagannath temple", 
    "prices": {}, 
    "timings": "7:00 AM - 8:30 PM"
  }, 
  {
    "name": "karni mata temple", 
    "prices": {
      "no entry fee": "0"
    }
  }, 
  {
    "name": "moosi maharani ki chhatri", 
    "prices": {}
  }, 
  {
    "name": "moti doongri"
  }, 
  {
    "days-of-week": "All days of the week except Monday", 
    "name": "city palace", 
    "prices": {
      "per person Indian": "5", 
      "per person foreigners": "50"
    }, 
    "timings": "10:00 AM - 5:00 PM"
  }, 
  {
    "days-of-week": "All days of the week", 
    "name": "pandupol hanuman temple", 
    "prices": {}, 
    "timings": "5:00 AM - 10:00 PM"
  }, 
  {
    "name": "bala qila", 
    "prices": {}
  }, 
  {
    "name": "bhartrihari temple"
  }, 
  {
    "name": "purjan vihar"
  }, 
  {
    "days-of-week": "All days of the week", 
    "name": "fateh jung ka gumbaj", 
    "prices": {}, 
    "timings": "9:00 AM - 5:00 PM"
  }, 
  {
    "name": "vinay vilas palace (rr college)"
  }, 
  {
    "name": "jai samand lake"
  }, 
  {
    "name": "jai pol"
  }, 
  {
    "name": "clock tower"
  }, 
  {
    "name": "tripolia"
  }, 
  {
    "name": "kishan kund"
  }, 
  {
    "name": "shiv hanuman temple"
  }, 
  {
    "name": "lal diggi"
  }, 
  {
    "name": "gopal cinema"
  }, 
  {
    "name": "ashoka talkies"
  }, 
  {
    "name": "bharat talkies"
  }, 
  {
    "days-of-week": "All days of the week", 
    "name": "city palace", 
    "prices": {
      "per person": "10"
    }, 
    "timings": "10:00 AM - 5:00 PM"
  }, 
  {
    "days-of-week": "All days of the week except Friday", 
    "name": "maharao madho singh museum", 
    "prices": {
      "per person Lower Section": "10", 
      "per person Upper Section": "50"
    }, 
    "timings": "10:00 AM - 5:00 PM"
  }, 
  {
    "name": "kishore sagar lake"
  }, 
  {
    "days-of-week": "All days of the week", 
    "name": "godavari dham temple", 
    "timings": "7:00 AM - 8:00 PM"
  }, 
  {
    "name": "jag mandir"
  }, 
  {
    "name": "godawari dham mandir"
  }, 
  {
    "name": "mayur cinema"
  }, 
  {
    "name": "umed singh fort"
  }, 
  {
    "name": "chatra vilas garden"
  }, 
  {
    "name": "radhakrishna temple"
  }, 
  {
    "name": "sheetala mata mandir"
  }, 
  {
    "name": "city palace"
  }, 
  {
    "days-of-week": "All days of the week", 
    "name": "garadia mahadev", 
    "prices": {
      "No entry fee": "0"
    }, 
    "timings": "7:00 AM - 8:00 PM"
  }, 
  {
    "name": "kishore sagar"
  }, 
  {
    "name": "alnea"
  }, 
  {
    "name": "gaipernath"
  }, 
  {
    "days-of-week": "All days of the week", 
    "name": "chambal gardens", 
    "prices": {
      "Free Entry": "0", 
      "per person Boating": "50"
    }, 
    "timings": "10:00 AM - 7:00 PM"
  }, 
  {
    "days-of-week": "All days of the week except Friday", 
    "name": "government museum", 
    "timings": "9:30 AM - 5:00 PM"
  }, 
  {
    "name": "shivpuri dham", 
    "prices": {}
  }, 
  {
    "name": "gumanpura fort"
  }, 
  {
    "name": "ietihasik abheda rani mahal"
  }, 
  {
    "name": "karni mata mandir"
  }, 
  {
    "name": "hanuman temple"
  }, 
  {
    "name": "balaji temple"
  }, 
  {
    "name": "mali saini samaj temple"
  }, 
  {
    "name": "radha krishna mandir"
  }, 
  {
    "name": "dev narayan temple"
  }, 
  {
    "name": "khade ganesh ji"
  }, 
  {
    "name": "veeru ji ka mandir"
  }, 
  {
    "name": "dadabadi digamber jain nasiaji"
  }, 
  {
    "name": "dadabadi digamber jain nasiaji"
  }, 
  {
    "name": "ayappa temple"
  }, 
  {
    "name": "goureshwar mahadev mandir"
  }, 
  {
    "name": "kankdeshwar mahadev chatar"
  }, 
  {
    "name": "shri raghunath mandir"
  }, 
  {
    "name": "shri manshapuran ganesh mandir"
  }, 
  {
    "days-of-week": "All days of the week except Sunday", 
    "name": "teja ji mandir", 
    "timings": "9:00 AM - 5:00 PM"
  }, 
  {
    "name": "shri babri ka hanuman ji mandir"
  }, 
  {
    "name": "maa vaishno devi mandir"
  }, 
  {
    "name": "shri pashupati nath mahadeveshwar mandir"
  }, 
  {
    "name": "shri maha mangleshwar mahadev mandir"
  }, 
  {
    "name": "jai shri ram mandir"
  }, 
  {
    "name": "shri kankali mata mandir"
  }, 
  {
    "name": "teja ji ka chowk temple"
  }, 
  {
    "name": "shri siddheshwer hanuman mandir"
  }, 
  {
    "name": "rameshwaram mahadev mandir"
  }, 
  {
    "name": "jagdish mandir"
  }, 
  {
    "name": "shri jind baba mandir"
  }, 
  {
    "name": "sri hanuman temple"
  }, 
  {
    "name": "jyoti bal vidya mandir"
  }, 
  {
    "name": "sri durga mata mandir"
  }, 
  {
    "name": "puneet dham mandir"
  }, 
  {
    "name": "hemnath mahadev mandir"
  }, 
  {
    "name": "laxmi narayan mandir"
  }, 
  {
    "name": "sri kaleshwar mahadev mandir"
  }, 
  {
    "name": "durga mata mandir"
  }, 
  {
    "name": "sanidev temple"
  }, 
  {
    "name": "sree jaleshwar mahadev mandir"
  }, 
  {
    "name": "nageshwar mahadev mandir"
  }, 
  {
    "name": "jai ambey mandir"
  }, 
  {
    "name": "hamara mandir"
  }, 
  {
    "name": "vaishno mataji temple"
  }, 
  {
    "name": "chouth mata mandir"
  }, 
  {
    "name": "ram janki temple"
  }, 
  {
    "name": "ganesh temple"
  }, 
  {
    "name": "arya samaj mandir"
  }, 
  {
    "name": "maa annapurna mandir"
  }, 
  {
    "name": "shree bajrang bali mandir"
  }, 
  {
    "name": "ganesh mandir"
  }, 
  {
    "name": "naag nagin ka mandir"
  }, 
  {
    "name": "gyarah mukhi hanuman mandir"
  }, 
  {
    "name": "rhinmukteshwar temple"
  }, 
  {
    "name": "mata ka mandir"
  }, 
  {
    "name": "tileshwar mandir"
  }, 
  {
    "name": "ram temple"
  }, 
  {
    "name": "shivji temple"
  }, 
  {
    "name": "shiv and hanuman mandir"
  }, 
  {
    "name": "santoshi mata temple"
  }, 
  {
    "name": "sai baba temple"
  }, 
  {
    "name": "rangbari mandir"
  }, 
  {
    "name": "murugan temple"
  }, 
  {
    "name": "jai hanuman mandir"
  }, 
  {
    "name": "gayatri shakti peeth"
  }, 
  {
    "name": "ayyappa temple"
  }, 
  {
    "name": "aasha pala mata ka mandir"
  }, 
  {
    "name": "emmanuel church"
  }, 
  {
    "name": "vigyan sangrahalay"
  }, 
  {
    "name": "shiv mandir"
  }, 
  {
    "name": "ram mandir"
  }, 
  {
    "name": "shakti mandir"
  }, 
  {
    "name": "saraswati and lakshmi temple"
  }, 
  {
    "name": "jagdish ji ka mandir"
  }, 
  {
    "name": "jhooley lal mandir"
  }, 
  {
    "name": "bhitaria kund"
  }, 
  {
    "name": "district park"
  }, 
  {
    "name": "sankat mochan hanuman mandir"
  }, 
  {
    "name": "shri satyeshwar mahadev mandir"
  }, 
  {
    "name": "umed singh ka jungle"
  }, 
  {
    "name": "gandhi udyan"
  }, 
  {
    "name": "mataji temple"
  }, 
  {
    "name": "parswa kushal dham"
  }, 
  {
    "name": "sri kali mata mandir"
  }, 
  {
    "name": "santoshi mata ka mandir"
  }, 
  {
    "name": "sri sateshwar balaji mandir"
  }, 
  {
    "name": "hanuman mandir"
  }, 
  {
    "name": "chandmari balaji mandir"
  }, 
  {
    "name": "kota fort"
  }, 
  {
    "name": "chattarbilas tank"
  }, 
  {
    "name": "kota barrage"
  }, 
  {
    "name": "lakshman jhoola"
  }, 
  {
    "name": "city palace"
  }, 
  {
    "name": "mohan talkies"
  }, 
  {
    "name": "purana cinema hall"
  }, 
  {
    "name": "open air picture hall"
  }, 
  {
    "name": "akash cinema hall"
  }, 
  {
    "name": "om cineplex"
  }, 
  {
    "name": "sarovar takies"
  }, 
  {
    "name": "nataraj talkies"
  }, 
  {
    "name": "brij talkies"
  }, 
  {
    "name": "sai baba temple "
  }, 
  {
    "name": "chittorgarh fort", 
    "prices": {
      "per person for Indians": "10", 
      "per person for foreign tourists": "100"
    }
  }, 
  {
    "name": "vijay stambha", 
    "prices": {
      "no entry fee": "0"
    }
  }, 
  {
    "name": "kirti stambh (tower of fame )", 
    "prices": {
      "no entry fee": "0"
    }
  }, 
  {
    "name": "meera temple", 
    "prices": {
      "no entry fee": "0"
    }
  }, 
  {
    "days-of-week": "All days of the week", 
    "name": "bassi wildlife sanctuary ", 
    "prices": {
      " for Vehicles": "65", 
      "per person": "2"
    }, 
    "timings": "6:30 AM - 5:00 PM"
  }, 
  {
    "days-of-week": "All days of the week", 
    "name": "sanwariyaji temple", 
    "prices": {
      "No entry fee": "0"
    }, 
    "timings": null
  }, 
  {
    "name": "padmini's palace", 
    "prices": {
      "no entry fee": "0"
    }
  }, 
  {
    "name": "rana kumbha palace", 
    "prices": {
      "no entry fee": "0"
    }
  }, 
  {
    "name": "gaumukh reservoir ", 
    "prices": {
      "no entry fee": "0"
    }
  }, 
  {
    "days-of-week": "All days of the week except Friday", 
    "name": "fateh prakash palace museum", 
    "prices": {
      "per person": "2"
    }, 
    "timings": "10:00 AM - 4:30 PM"
  }, 
  {
    "days-of-week": "All days of the week", 
    "name": "ranakpur temple", 
    "prices": {
      "no entry fee": "0"
    }, 
    "timings": "7:00 AM - 7:00 PM"
  }, 
  {
    "name": "vijaya stambh (victory tower)"
  }, 
  {
    "name": "tulja bhawani temple "
  }, 
  {
    "name": "kalika mata temple "
  }, 
  {
    "name": "naulakha bhandar"
  }, 
  {
    "name": "fatta haveli"
  }, 
  {
    "name": "ma lal bai phul bai"
  }, 
  {
    "name": "chittorgarh"
  }, 
  {
    "days-of-week": "All days of the week", 
    "name": "jaisalmer fort", 
    "prices": {
      " Camera Fee": "50", 
      " Video Camera": "100"
    }, 
    "timings": "12:00 AM - 12:00 PM"
  }, 
  {
    "name": "kuldhara village"
  }, 
  {
    "days-of-week": "All days of the week", 
    "name": "bada bagh", 
    "prices": {
      " per camcorder": "50", 
      " per still camera": "20", 
      "per person for Indians": "20", 
      "per person for foreign tourists": "50"
    }, 
    "timings": "8:00 AM - 6:00 PM"
  }, 
  {
    "days-of-week": "All days of the week except Friday", 
    "name": "government museum", 
    "prices": {
      "on Monday": "0", 
      "per person for Indians": "5", 
      "per person for Indians students": "2", 
      "per person for foreign student": "25", 
      "per person for foreign tourists": "50"
    }, 
    "timings": "10: 00 AM - 4:30 PM"
  }, 
  {
    "days-of-week": "All days of the week", 
    "name": "sam sand dunes", 
    "prices": {
      "no entry fee": "0"
    }, 
    "timings": "7:00 AM - 10:00 PM"
  }, 
  {
    "name": "patwon ki haveli", 
    "prices": {
      " per camcorder": "100", 
      " per still camera": "50", 
      "per person for Indians": "10", 
      "per person for foreign tourists": "50"
    }
  }, 
  {
    "days-of-week": "All days of the week", 
    "name": "tazia tower", 
    "prices": {
      "no entry fee": "0"
    }, 
    "timings": "8:00 AM - 6:00 PM"
  }, 
  {
    "days-of-week": "All days of the week", 
    "name": "gadisar lake", 
    "prices": {
      "no entry fee": "0"
    }, 
    "timings": "12:00 AM - 12:00 PM"
  }, 
  {
    "days-of-week": "All days of the week", 
    "name": "vyas chhatri", 
    "prices": {
      "no entry fee": "0"
    }, 
    "timings": "8:00 AM - 7:30 PM"
  }, 
  {
    "days-of-week": "All days of the week", 
    "name": "khaba fort", 
    "timings": "12:00 AM - 12:00 PM"
  }, 
  {
    "days-of-week": "All days of the week", 
    "name": "salim singh-ki haveli", 
    "prices": {
      " per camcorder": "100", 
      " per still camera": "50", 
      "per person for Indians": "10", 
      "per person or foreign tourists": "15"
    }, 
    "timings": "8:00 AM - 6:00 PM"
  }, 
  {
    "days-of-week": "All days of the week", 
    "name": "silk route art gallery", 
    "prices": {
      "No entry fee": "0"
    }, 
    "timings": "7:00 AM - 8:00 PM"
  }, 
  {
    "days-of-week": "All days of the week", 
    "name": "jain temples", 
    "prices": {
      " per camcorder": "100", 
      " per still camera": "50", 
      "for Indians": "0", 
      "per person for foreign tourists": "10"
    }, 
    "timings": "8:00 AM - 12:00 PM"
  }, 
  {
    "days-of-week": "All days of the week", 
    "name": "jaisalmer folkfore museum", 
    "prices": {
      " per camcorder": "50", 
      " per still camera": "20", 
      "per person for adults": "20"
    }, 
    "timings": "8:00 AM - 6:00 PM"
  }, 
  {
    "days-of-week": "All days of the week", 
    "name": "thar heritage museum", 
    "prices": {
      " per person": "40"
    }, 
    "timings": "9:00 AM - 8:00 PM"
  }, 
  {
    "days-of-week": "Mon, Tue, Wed, Thu, Fri", 
    "name": "desert cultural museum", 
    "prices": {
      "per person for Indians": "35"
    }, 
    "timings": null
  }, 
  {
    "days-of-week": "All days of the week", 
    "name": "gyan bhandar", 
    "timings": "8:00 AM - 9:00 PM"
  }, 
  {
    "name": "khuri"
  }, 
  {
    "name": "mool sagar"
  }, 
  {
    "days-of-week": "All days of the week", 
    "name": "akal wood fossil park", 
    "prices": {
      "per person for Car parking": "10", 
      "per person for Foreign Nationals": "20", 
      "per person for Indians": "5"
    }, 
    "timings": "9:00 AM - 6:00 PM"
  }, 
  {
    "days-of-week": "All days of the week", 
    "name": "nathmal ki haveli", 
    "prices": {
      "No Entry Fee": "0"
    }, 
    "timings": "8:00 AM - 7:00 PM"
  }, 
  {
    "name": "desert safari experts jaisalmer"
  }, 
  {
    "name": "filadelfia church"
  }, 
  {
    "name": "alif desert safari"
  }, 
  {
    "name": "filadelfia church"
  }
]